s, 0x29, pmu, TDEV1, 26.08
1418399039.499s, 0x00, soc, THERMAL0, 26.87
1418399039.499s, 0x01, soc, THERMAL1, 28.14
1418399039.499s, 0x02, soc, CCC_THERMAL0, 26.87
1418399041.241s, 0x29, pmu, TDEV1, 26.15
1418399044.248s, 0x29, pmu, TDEV1, 26.05
1418399044.444s, 0x2C, pmu, TDEV4, 28.61
1418399046.545s, 0x28, pmu, TJINT, 28.91
1418399046.660s, 0x2B, pmu, TDEV3, 25.95
1418399047.257s, 0x29, pmu, TDEV1, 26.08
1418399049.426s, 0x03, soc, CCC_THERMAL1, 26.45
1418399049.506s, 0x00, soc, THERMAL0, 27.71
1418399049.506s, 0x01, soc, THERMAL1, 28.14
1418399049.506s, 0x02, soc, CCC_THERMAL0, 26.45
1418399050.264s, 0x29, pmu, TDEV1, 26.02
1418399053.271s, 0x29, pmu, TDEV1, 26.08
1418399056.278s, 0x29, pmu, TDEV1, 26.08
1418399059.285s, 0x29, pmu, TDEV1, 26.08
1418399059.516s, 0x00, soc, THERMAL0, 26.87
1418399059.516s, 0x01, soc, THERMAL1, 28.56
1418399059.516s, 0x02, soc, CCC_THERMAL0, 26.45
1418399062.292s, 0x29, pmu, TDEV1, 26.08
1418399063.487s, 0x04, soc, CCC_THERMAL2, 27.29
1418399063.583s, 0x2A, pmu, TDEV2, 26.92
1418399064.436s, 0x03, soc, CCC_THERMAL1, 26.45
1418399065.304s, 0x29, pmu, TDEV1, 26.05
1418399066.675s, 0x2B, pmu, TDEV3, 25.98
1418399068.316s, 0x29, pmu, TDEV1, 26.08
1418399069.456s, 0x2C, pmu, TDEV4, 28.57
1418399069.526s, 0x00, soc, THERMAL0, 27.29
1418399069.526s, 0x01, soc, THERMAL1, 28.56
1418399069.526s, 0x02, soc, CCC_THERMAL0, 26.03
1418399071.328s, 0x29, pmu, TDEV1, 26.08
1418399074.335s, 0x29, pmu, TDEV1, 26.08
1418399077.342s, 0x29, pmu, TDEV1, 26.12
1418399079.441s, 0x03, soc, CCC_THERMAL1, 26.45
1418399079.531s, 0x00, soc, THERMAL0, 27.29
1418399079.531s, 0x01, soc, THERMAL1, 28.14
1418399079.531s, 0x02, soc, CCC_THERMAL0, 26.03
1418399080.349s, 0x29, pmu, TDEV1, 26.02
1418399083.356s, 0x29, pmu, TDEV1, 26.08
1418399086.363s, 0x29, pmu, TDEV1, 26.05
1418399086.557s, 0x28, pmu, TJINT, 28.65
1418399086.682s, 0x2B, pmu, TDEV3, 25.98
1418399089.378s, 0x29, pmu, TDEV1, 26.08
1418399089.538s, 0x00, soc, THERMAL0, 26.87
1418399089.538s, 0x01, soc, THERMAL1, 28.14
1418399089.538s, 0x02, soc, CCC_THERMAL0, 26.03
1418399092.385s, 0x29, pmu, TDEV1, 26.05
1418399093.489s, 0x04, soc, CCC_THERMAL2, 26.87
1418399093.594s, 0x2A, pmu, TDEV2, 26.92
1418399094.448s, 0x03, soc, CCC_THERMAL1, 26.45
1418399094.463s, 0x2C, pmu, TDEV4, 28.57
1418399095.391s, 0x29, pmu, TDEV1, 26.05
1418399098.398s, 0x29, pmu, TDEV1, 26.08
1418399099.543s, 0x00, soc, THERMAL0, 27.71
1418399099.543s, 0x01, soc, THERMAL1, 28.56
1418399099.543s, 0x02, soc, CCC_THERMAL0, 26.03
1418399101.405s, 0x29, pmu, TDEV1, 26.05
1418399104.412s, 0x29, pmu, TDEV1, 26.15
1418399106.697s, 0x2B, pmu, TDEV3, 25.88
1418399107.424s, 0x29, pmu, TDEV1, 26.08
1418399109.453s, 0x03, soc, CCC_THERMAL1, 26.87
1418399109.553s, 0x00, soc, THERMAL0, 27.29
1418399109.553s, 0x01, soc, THERMAL1, 28.14
1418399109.553s, 0x02, soc, CCC_THERMAL0, 26.03
1418399110.431s, 0x29, pmu, TDEV1, 26.08
1418399113.438s, 0x29, pmu, TDEV1, 26.08
1418399116.445s, 0x29, pmu, TDEV1, 26.05
1418399119.453s, 0x29, pmu, TDEV1, 26.08
1418399119.477s, 0x2C, pmu, TDEV4, 28.61
1418399119.558s, 0x00, soc, THERMAL0, 27.29
1418399119.558s, 0x01, soc, THERMAL1, 28.56
1418399119.558s, 0x02, soc, CCC_THERMAL0, 26.03
1418399122.464s, 0x29, pmu, TDEV1, 26.05
1418399123.499s, 0x04, soc, CCC_THERMAL2, 26.87
1418399123.604s, 0x2A, pmu, TDEV2, 26.99
1418399124.457s, 0x03, soc, CCC_THERMAL1, 26.87
1418399125.476s, 0x29, pmu, TDEV1, 26.08
1418399126.563s, 0x28, pmu, TJINT, 29.18
1418399126.709s, 0x2B, pmu, TDEV3, 25.88
1418399128.491s, 0x29, pmu, TDEV1, 26.08
1418399129.565s, 0x00, soc, THERMAL0, 27.29
1418399129.565s, 0x01, soc, THERMAL1, 28.14
1418399129.565s, 0x02, soc, CCC_THERMAL0, 26.03
1418399131.498s, 0x29, pmu, TDEV1, 26.08
1418399134.505s, 0x29, pmu, TDEV1, 26.08
1418399137.512s, 0x29, pmu, TDEV1, 26.05
1418399139.460s, 0x03, soc, CCC_THERMAL1, 26.45
1418399139.570s, 0x00, soc, THERMAL0, 27.29
1418399139.570s, 0x01, soc, THERMAL1, 28.14
1418399139.570s, 0x02, soc, CCC_THERMAL0, 26.03
1418399140.519s, 0x29, pmu, TDEV1, 26.05
1418399143.526s, 0x29, pmu, TDEV1, 26.08
1418399144.485s, 0x2C, pmu, TDEV4, 28.57
1418399146.538s, 0x29, pmu, TDEV1, 26.08
1418399146.723s, 0x2B, pmu, TDEV3, 26.02
1418399149.550s, 0x29, pmu, TDEV1, 26.02
1418399149.580s, 0x00, soc, THERMAL0, 27.29
1418399149.580s, 0x01, soc, THERMAL1, 28.56
1418399149.580s, 0x02, soc, CCC_THERMAL0, 26.87
1418399152.557s, 0x29, pmu, TDEV1, 26.02
1418399153.500s, 0x04, soc, CCC_THERMAL2, 26.87
1418399153.616s, 0x2A, pmu, TDEV2, 26.88
1418399154.469s, 0x03, soc, CCC_THERMAL1, 26.45
1418399155.568s, 0x29, pmu, TDEV1, 26.08
1418399158.576s, 0x29, pmu, TDEV1, 26.08
1418399159.590s, 0x00, soc, THERMAL0, 27.29
1418399159.590s, 0x01, soc, THERMAL1, 28.56
1418399159.590s, 0x02, soc, CCC_THERMAL0, 26.03
1418399161.583s, 0x29, pmu, TDEV1, 26.08
1418399164.590s, 0x29, pmu, TDEV1, 26.05
1418399166.570s, 0x28, pmu, TJINT, 29.18
1418399166.736s, 0x2B, pmu, TDEV3, 25.95
1418399167.604s, 0x29, pmu, TDEV1, 26.08
1418399169.472s, 0x03, soc, CCC_THERMAL1, 26.03
1418399169.497s, 0x2C, pmu, TDEV4, 28.57
1418399169.597s, 0x00, soc, THERMAL0, 27.29
1418399169.597s, 0x01, soc, THERMAL1, 28.14
1418399169.597s, 0x02, soc, CCC_THERMAL0, 26.87
1418399170.616s, 0x29, pmu, TDEV1, 26.08
1418399173.623s, 0x29, pmu, TDEV1, 26.08
1418399176.630s, 0x29, pmu, TDEV1, 26.05
1418399179.602s, 0x00, soc, THERMAL0, 26.87
1418399179.602s, 0x01, soc, THERMAL1, 28.14
1418399179.602s, 0x02, soc, CCC_THERMAL0, 26.03
1418399179.637s, 0x29, pmu, TDEV1, 26.08
1418399182.644s, 0x29, pmu, TDEV1, 26.08
1418399183.508s, 0x04, soc, CCC_THERMAL2, 26.87
1418399183.623s, 0x2A, pmu, TDEV2, 26.88
1418399184.476s, 0x03, soc, CCC_THERMAL1, 26.03
1418399185.656s, 0x29, pmu, TDEV1, 26.08
1418399186.745s, 0x2B, pmu, TDEV3, 25.98
1418399188.668s, 0x29, pmu, TDEV1, 26.19
1418399189.612s, 0x00, soc, THERMAL0, 27.29
1418399189.612s, 0x01, soc, THERMAL1, 28.56
1418399189.612s, 0x02, soc, CCC_THERMAL0, 26.45
1418399191.675s, 0x29, pmu, TDEV1, 26.08
1418399194.511s, 0x2C, pmu, TDEV4, 28.61
1418399194.687s, 0x29, pmu, TDEV1, 26.08
1418399197.694s, 0x29, pmu, TDEV1, 26.08
1418399199.481s, 0x03, soc, CCC_THERMAL1, 26.87
1418399199.622s, 0x00, soc, THERMAL0, 27.29
1418399199.622s, 0x01, soc, THERMAL1, 28.14
1418399199.622s, 0x02, soc, CCC_THERMAL0, 26.03
1418399200.701s, 0x29, pmu, TDEV1, 26.15
1418399203.708s, 0x29, pmu, TDEV1, 26.08
1418399206.582s, 0x28, pmu, TJINT, 29.18
1418399206.718s, 0x29, pmu, TDEV1, 26.12
1418399206.752s, 0x2B, pmu, TDEV3, 25.95
1418399209.624s, 0x00, soc, THERMAL0, 27.29
1418399209.624s, 0x01, soc, THERMAL1, 28.56
1418399209.624s, 0x02, soc, CCC_THERMAL0, 26.03
1418399209.729s, 0x29, pmu, TDEV1, 26.08
1418399212.736s, 0x29, pmu, TDEV1, 26.12
1418399213.510s, 0x04, soc, CCC_THERMAL2, 26.87
1418399213.635s, 0x2A, pmu, TDEV2, 26.88
1418399214.488s, 0x03, soc, CCC_THERMAL1, 26.03
1418399215.748s, 0x29, pmu, TDEV1, 26.05
1418399218.755s, 0x29, pmu, TDEV1, 26.08
1418399219.523s, 0x2C, pmu, TDEV4, 28.61
1418399219.634s, 0x00, soc, THERMAL0, 27.29
1418399219.634s, 0x01, soc, THERMAL1, 28.56
1418399219.634s, 0x02, soc, CCC_THERMAL0, 26.45
1418399221.767s, 0x29, pmu, TDEV1, 26.08
1418399224.774s, 0x29, pmu, TDEV1, 26.08
1418399226.767s, 0x2B, pmu, TDEV3, 25.98
1418399227.786s, 0x29, pmu, TDEV1, 26.08
1418399229.493s, 0x03, soc, CCC_THERMAL1, 26.45
1418399229.644s, 0x00, soc, THERMAL0, 27.71
1418399229.644s, 0x01, soc, THERMAL1, 28.56
1418399229.644s, 0x02, soc, CCC_THERMAL0, 26.45
1418399230.793s, 0x29, pmu, TDEV1, 26.08
1418399233.800s, 0x29, pmu, TDEV1, 26.08
1418399236.807s, 0x29, pmu, TDEV1, 26.12
1418399239.649s, 0x00, soc, THERMAL0, 27.29
1418399239.649s, 0x01, soc, THERMAL1, 28.98
1418399239.649s, 0x02, soc, CCC_THERMAL0, 26.03
1418399239.814s, 0x29, pmu, TDEV1, 26.08
1418399242.821s, 0x29, pmu, TDEV1, 26.08
1418399243.514s, 0x04, soc, CCC_THERMAL2, 26.87
1418399243.649s, 0x2A, pmu, TDEV2, 26.92
1418399244.503s, 0x03, soc, CCC_THERMAL1, 26.87
1418399244.538s, 0x2C, pmu, TDEV4, 28.61
1418399245.828s, 0x29, pmu, TDEV1, 26.08
1418399246.594s, 0x28, pmu, TJINT, 28.91
1418399246.779s, 0x2B, pmu, TDEV3, 25.98
1418399248.842s, 0x29, pmu, TDEV1, 26.12
1418399249.656s, 0x00, soc, THERMAL0, 27.29
1418399249.656s, 0x01, soc, THERMAL1, 28.56
1418399249.656s, 0x02, soc, CCC_THERMAL0, 26.87
1418399251.849s, 0x29, pmu, TDEV1, 26.08
1418399254.856s, 0x29, pmu, TDEV1, 26.15
1418399257.863s, 0x29, pmu, TDEV1, 26.15
1418399259.510s, 0x03, soc, CCC_THERMAL1, 26.45
1418399259.661s, 0x00, soc, THERMAL0, 27.71
1418399259.661s, 0x01, soc, THERMAL1, 28.56
1418399259.661s, 0x02, soc, CCC_THERMAL0, 26.87
1418399260.871s, 0x29, pmu, TDEV1, 26.08
1418399263.878s, 0x29, pmu, TDEV1, 26.08
1418399266.784s, 0x2B, pmu, TDEV3, 26.05
1418399266.889s, 0x29, pmu, TDEV1, 26.12
1418399269.545s, 0x2C, pmu, TDEV4, 28.65
1418399269.666s, 0x00, soc, THERMAL0, 27.71
1418399269.666s, 0x01, soc, THERMAL1, 28.56
1418399269.666s, 0x02, soc, CCC_THERMAL0, 26.03
1418399269.901s, 0x29, pmu, TDEV1, 26.08
1418399272.908s, 0x29, pmu, TDEV1, 26.22
1418399273.521s, 0x04, soc, CCC_THERMAL2, 27.29
1418399273.656s, 0x2A, pmu, TDEV2, 26.99
1418399274.520s, 0x03, soc, CCC_THERMAL1, 26.87
1418399275.920s, 0x29, pmu, TDEV1, 26.15
1418399278.927s, 0x29, pmu, TDEV1, 26.15
1418399279.670s, 0x00, soc, THERMAL0, 27.29
1418399279.670s, 0x01, soc, THERMAL1, 28.14
1418399279.670s, 0x02, soc, CCC_THERMAL0, 26.87
1418399281.934s, 0x29, pmu, TDEV1, 26.15
1418399284.941s, 0x29, pmu, TDEV1, 26.19
1418399286.601s, 0x28, pmu, TJINT, 28.91
1418399286.796s, 0x2B, pmu, TDEV3, 26.02
1418399287.956s, 0x29, pmu, TDEV1, 26.22
1418399289.522s, 0x03, soc, CCC_THERMAL1, 26.03
1418399289.673s, 0x00, soc, THERMAL0, 27.71
1418399289.673s, 0x01, soc, THERMAL1, 28.14
1418399289.673s, 0x02, soc, CCC_THERMAL0, 26.45
1418399290.963s, 0x29, pmu, TDEV1, 26.08
1418399293.970s, 0x29, pmu, TDEV1, 26.22
1418399294.557s, 0x2C, pmu, TDEV4, 28.65
1418399296.982s, 0x29, pmu, TDEV1, 26.15
1418399299.683s, 0x00, soc, THERMAL0, 27.71
1418399299.683s, 0x01, soc, THERMAL1, 28.56
1418399299.683s, 0x02, soc, CCC_THERMAL0, 26.45
1418399299.989s, 0x29, pmu, TDEV1, 26.12
1418399302.996s, 0x29, pmu, TDEV1, 26.15
1418399303.528s, 0x04, soc, CCC_THERMAL2, 26.87
1418399303.663s, 0x2A, pmu, TDEV2, 26.95
1418399304.527s, 0x03, soc, CCC_THERMAL1, 26.45
1418399306.008s, 0x29, pmu, TDEV1, 26.19
1418399306.806s, 0x2B, pmu, TDEV3, 26.02
1418399309.019s, 0x29, pmu, TDEV1, 26.12
1418399309.692s, 0x00, soc, THERMAL0, 27.29
1418399309.692s, 0x01, soc, THERMAL1, 28.14
1418399309.692s, 0x02, soc, CCC_THERMAL0, 26.45
1418399312.027s, 0x29, pmu, TDEV1, 26.12
1418399315.034s, 0x29, pmu, TDEV1, 26.08
1418399318.041s, 0x29, pmu, TDEV1, 26.19
1418399319.537s, 0x03, soc, CCC_THERMAL1, 26.03
1418399319.572s, 0x2C, pmu, TDEV4, 28.69
1418399319.702s, 0x00, soc, THERMAL0, 27.29
1418399319.702s, 0x01, soc, THERMAL1, 28.56
1418399319.702s, 0x02, soc, CCC_THERMAL0, 26.45
1418399321.052s, 0x29, pmu, TDEV1, 26.15
1418399324.060s, 0x29, pmu, TDEV1, 26.15
1418399326.613s, 0x28, pmu, TJINT, 29.18
1418399326.818s, 0x2B, pmu, TDEV3, 26.02
1418399327.074s, 0x29, pmu, TDEV1, 26.08
1418399329.705s, 0x00, soc, THERMAL0, 27.71
1418399329.705s, 0x01, soc, THERMAL1, 28.14
1418399329.705s, 0x02, soc, CCC_THERMAL0, 26.03
1418399330.081s, 0x29, pmu, TDEV1, 26.15
1418399333.088s, 0x29, pmu, TDEV1, 26.22
1418399333.530s, 0x04, soc, CCC_THERMAL2, 27.29
1418399333.675s, 0x2A, pmu, TDEV2, 27.06
1418399334.539s, 0x03, soc, CCC_THERMAL1, 26.45
1418399336.100s, 0x29, pmu, TDEV1, 26.15
1418399339.106s, 0x29, pmu, TDEV1, 26.15
1418399339.708s, 0x00, soc, THERMAL0, 27.29
1418399339.708s, 0x01, soc, THERMAL1, 28.56
1418399339.708s, 0x02, soc, CCC_THERMAL0, 26.03
1418399342.113s, 0x29, pmu, TDEV1, 26.15
1418399344.578s, 0x2C, pmu, TDEV4, 28.72
1418399345.125s, 0x29, pmu, TDEV1, 26.15
1418399346.826s, 0x2B, pmu, TDEV3, 26.05
1418399348.137s, 0x29, pmu, TDEV1, 26.15
1418399349.542s, 0x03, soc, CCC_THERMAL1, 26.87
1418399349.713s, 0x00, soc, THERMAL0, 27.29
1418399349.713s, 0x01, soc, THERMAL1, 28.56
1418399349.713s, 0x02, soc, CCC_THERMAL0, 26.03
1418399351.144s, 0x29, pmu, TDEV1, 26.15
1418399354.151s, 0x29, pmu, TDEV1, 26.15
1418399357.158s, 0x29, pmu, TDEV1, 26.15
1418399359.718s, 0x00, soc, THERMAL0, 27.71
1418399359.718s, 0x01, soc, THERMAL1, 28.98
1418399359.718s, 0x02, soc, CCC_THERMAL0, 26.45
1418399360.165s, 0x29, pmu, TDEV1, 26.22
1418399363.172s, 0x29, pmu, TDEV1, 26.22
1418399363.533s, 0x04, soc, CCC_THERMAL2, 27.29
1418399363.689s, 0x2A, pmu, TDEV2, 27.10
1418399364.552s, 0x03, soc, CCC_THERMAL1, 26.87
1418399366.184s, 0x29, pmu, TDEV1, 26.22
1418399366.618s, 0x28, pmu, TJINT, 29.18
1418399366.834s, 0x2B, pmu, TDEV3, 26.08
1418399369.198s, 0x29, pmu, TDEV1, 26.19
1418399369.584s, 0x2C, pmu, TDEV4, 28.72
1418399369.725s, 0x00, soc, THERMAL0, 27.71
1418399369.725s, 0x01, soc, THERMAL1, 28.14
1418399369.725s, 0x02, soc, CCC_THERMAL0, 26.87
1418399372.210s, 0x29, pmu, TDEV1, 26.22
1418399375.217s, 0x29, pmu, TDEV1, 26.19
1418399378.224s, 0x29, pmu, TDEV1, 26.22
1418399379.560s, 0x03, soc, CCC_THERMAL1, 26.87
1418399379.730s, 0x00, soc, THERMAL0, 27.29
1418399379.730s, 0x01, soc, THERMAL1, 28.56
1418399379.730s, 0x02, soc, CCC_THERMAL0, 26.45
1418399381.231s, 0x29, pmu, TDEV1, 26.22
1418399384.238s, 0x29, pmu, TDEV1, 26.19
1418399386.844s, 0x2B, pmu, TDEV3, 26.08
1418399387.250s, 0x29, pmu, TDEV1, 26.22
1418399389.740s, 0x00, soc, THERMAL0, 27.29
1418399389.740s, 0x01, soc, THERMAL1, 28.56
1418399389.740s, 0x02, soc, CCC_THERMAL0, 26.03
1418399390.257s, 0x29, pmu, TDEV1, 26.19
1418399393.264s, 0x29, pmu, TDEV1, 26.22
1418399393.535s, 0x04, soc, CCC_THERMAL2, 27.29
1418399393.701s, 0x2A, pmu, TDEV2, 27.02
1418399394.564s, 0x03, soc, CCC_THERMAL1, 27.29
1418399394.599s, 0x2C, pmu, TDEV4, 28.76
1418399396.271s, 0x29, pmu, TDEV1, 26.29
1418399399.278s, 0x29, pmu, TDEV1, 26.29
1418399399.750s, 0x00, soc, THERMAL0, 27.29
1418399399.750s, 0x01, soc, THERMAL1, 28.56
1418399399.750s, 0x02, soc, CCC_THERMAL0, 26.45
1418399402.285s, 0x29, pmu, TDEV1, 26.25
1418399405.292s, 0x29, pmu, TDEV1, 26.22
1418399406.630s, 0x28, pmu, TJINT, 29.18
1418399406.856s, 0x2B, pmu, TDEV3, 26.15
1418399408.306s, 0x29, pmu, TDEV1, 26.22
1418399409.572s, 0x03, soc, CCC_THERMAL1, 26.45
1418399409.752s, 0x00, soc, THERMAL0, 27.29
1418399409.752s, 0x01, soc, THERMAL1, 28.56
1418399409.752s, 0x02, soc, CCC_THERMAL0, 26.03
1418399411.313s, 0x29, pmu, TDEV1, 26.19
1418399414.320s, 0x29, pmu, TDEV1, 26.29
1418399417.328s, 0x29, pmu, TDEV1, 26.25
1418399419.612s, 0x2C, pmu, TDEV4, 28.80
1418399419.762s, 0x00, soc, THERMAL0, 27.71
1418399419.762s, 0x01, soc, THERMAL1, 28.56
1418399419.762s, 0x02, soc, CCC_THERMAL0, 26.87
1418399420.339s, 0x29, pmu, TDEV1, 26.25
1418399423.346s, 0x29, pmu, TDEV1, 26.25
1418399423.537s, 0x04, soc, CCC_THERMAL2, 27.29
1418399423.713s, 0x2A, pmu, TDEV2, 27.10
1418399424.576s, 0x03, soc, CCC_THERMAL1, 26.45
1418399426.358s, 0x29, pmu, TDEV1, 26.19
1418399426.865s, 0x2B, pmu, TDEV3, 26.12
1418399429.370s, 0x29, pmu, TDEV1, 26.25
1418399429.772s, 0x00, soc, THERMAL0, 27.71
1418399429.772s, 0x01, soc, THERMAL1, 28.98
1418399429.772s, 0x02, soc, CCC_THERMAL0, 26.45
1418399432.376s, 0x29, pmu, TDEV1, 26.22
1418399435.812s, 0x29, pmu, TDEV1, 26.25
1418399439.506s, 0x29, pmu, TDEV1, 26.29
1418399440.679s, 0x00, soc, THERMAL0, 27.29
1418399440.679s, 0x01, soc, THERMAL1, 28.56
1418399440.679s, 0x02, soc, CCC_THERMAL0, 26.87
1418399440.679s, 0x03, soc, CCC_THERMAL1, 26.45
1418399442.512s, 0x29, pmu, TDEV1, 26.25
1418399444.625s, 0x2C, pmu, TDEV4, 28.80
1418399445.523s, 0x29, pmu, TDEV1, 26.25
1418399446.640s, 0x28, pmu, TJINT, 29.18
1418399446.876s, 0x2B, pmu, TDEV3, 26.15
1418399448.538s, 0x29, pmu, TDEV1, 26.29
1418399450.687s, 0x00, soc, THERMAL0, 27.71
1418399450.687s, 0x01, soc, THERMAL1, 28.14
1418399450.687s, 0x02, soc, CCC_THERMAL0, 26.45
1418399451.545s, 0x29, pmu, TDEV1, 26.25
1418399453.543s, 0x04, soc, CCC_THERMAL2, 27.29
1418399453.718s, 0x2A, pmu, TDEV2, 27.17
1418399454.557s, 0x29, pmu, TDEV1, 26.32
1418399455.681s, 0x03, soc, CCC_THERMAL1, 26.45
1418399457.564s, 0x29, pmu, TDEV1, 26.29
1418399460.571s, 0x29, pmu, TDEV1, 26.25
1418399460.691s, 0x00, soc, THERMAL0, 27.71
1418399460.691s, 0x01, soc, THERMAL1, 28.56
1418399460.691s, 0x02, soc, CCC_THERMAL0, 26.87
1418399463.578s, 0x29, pmu, TDEV1, 26.25
1418399466.585s, 0x29, pmu, TDEV1, 26.29
1418399467.422s, 0x2B, pmu, TDEV3, 26.15
1418399467.724s, wrote at: 2014.12.12.15.51.8
1418399589.307s, 0x00, soc, THERMAL0, 27.71
1418399589.307s, 0x01, soc, THERMAL1, 28.98
1418399589.307s, 0x02, soc, CCC_THERMAL0, 27.71
1418399589.307s, 0x03, soc, CCC_THERMAL1, 29.40
1418399589.307s, 0x04, soc, CCC_THERMAL2, 28.98
1418399589.310s, 0x28, pmu, TJINT, 28.91
1418399589.360s, 0x29, pmu, TDEV1, 25.86
1418399589.364s, 0x2A, pmu, TDEV2, 26.87
1418399589.369s, 0x2B, pmu, TDEV3, 25.97
1418399589.374s, 0x2C, pmu, TDEV4, 28.68
1418399713.494s, 0x00, soc, THERMAL0, 27.71
1418399713.494s, 0x01, soc, THERMAL1, 28.56
1418399713.494s, 0x02, soc, CCC_THERMAL0, 26.87
1418399713.494s, 0x03, soc, CCC_THERMAL1, 26.87
1418399713.494s, 0x04, soc, CCC_THERMAL2, 27.71
1418399713.497s, 0x28, pmu, TJINT, 28.65
1418399713.501s, 0x29, pmu, TDEV1, 25.73
1418399713.506s, 0x2A, pmu, TDEV2, 26.62
1418399713.511s, 0x2B, pmu, TDEV3, 25.69
1418399713.515s, 0x2C, pmu, TDEV4, 28.52
1418399786.201s, wrote at: 2014.12.12.15.56.26
1418410929.371s, 0x00, soc, THERMAL0, 28.56
1418410929.371s, 0x01, soc, THERMAL1, 28.98
1418410929.371s, 0x02, soc, CCC_THERMAL0, 28.56
1418410929.371s, 0x03, soc, CCC_THERMAL1, 29.82
1418410929.371s, 0x04, soc, CCC_THERMAL2, 28.56
1418410929.373s, 0x28, pmu, TJINT, 29.71
1418410929.423s, 0x29, pmu, TDEV1, 26.39
1418410929.428s, 0x2A, pmu, TDEV2, 27.20
1418410929.432s, 0x2B, pmu, TDEV3, 26.36
1418410929.437s, 0x2C, pmu, TDEV4, 29.54
1418411049.371s, 0x00, soc, THERMAL0, 28.14
1418411049.371s, 0x01, soc, THERMAL1, 29.40
1418411049.371s, 0x02, soc, CCC_THERMAL0, 27.71
1418411049.371s, 0x03, soc, CCC_THERMAL1, 27.29
1418411049.371s, 0x04, soc, CCC_THERMAL2, 28.14
1418411049.384s, 0x28, pmu, TJINT, 29.45
1418411049.429s, 0x29, pmu, TDEV1, 26.39
1418411049.434s, 0x2A, pmu, TDEV2, 27.20
1418411049.438s, 0x2B, pmu, TDEV3, 26.32
1418411049.443s, 0x2C, pmu, TDEV4, 28.92
1418411169.381s, 0x00, soc, THERMAL0, 27.71
1418411169.381s, 0x01, soc, THERMAL1, 28.98
1418411169.381s, 0x02, soc, CCC_THERMAL0, 26.87
1418411169.381s, 0x03, soc, CCC_THERMAL1, 26.87
1418411169.381s, 0x04, soc, CCC_THERMAL2, 27.71
1418411169.393s, 0x28, pmu, TJINT, 29.18
1418411169.438s, 0x29, pmu, TDEV1, 26.39
1418411169.443s, 0x2A, pmu, TDEV2, 27.20
1418411169.448s, 0x2B, pmu, TDEV3, 26.25
1418411169.453s, 0x2C, pmu, TDEV4, 28.92
1418411289.390s, 0x00, soc, THERMAL0, 27.71
1418411289.390s, 0x01, soc, THERMAL1, 29.40
1418411289.390s, 0x02, soc, CCC_THERMAL0, 26.87
1418411289.390s, 0x03, soc, CCC_THERMAL1, 26.87
1418411289.390s, 0x04, soc, CCC_THERMAL2, 27.71
1418411289.403s, 0x28, pmu, TJINT, 28.91
1418411289.448s, 0x29, pmu, TDEV1, 26.39
1418411289.453s, 0x2A, pmu, TDEV2, 27.20
1418411289.457s, 0x2B, pmu, TDEV3, 26.25
1418411289.462s, 0x2C, pmu, TDEV4, 28.88
1418411409.400s, 0x00, soc, THERMAL0, 27.71
1418411409.400s, 0x01, soc, THERMAL1, 28.98
1418411409.400s, 0x02, soc, CCC_THERMAL0, 26.87
1418411409.400s, 0x03, soc, CCC_THERMAL1, 26.87
1418411409.400s, 0x04, soc, CCC_THERMAL2, 27.71
1418411409.412s, 0x28, pmu, TJINT, 29.45
1418411409.457s, 0x29, pmu, TDEV1, 26.43
1418411409.462s, 0x2A, pmu, TDEV2, 27.20
1418411409.467s, 0x2B, pmu, TDEV3, 26.22
1418411409.472s, 0x2C, pmu, TDEV4, 28.88
1418411529.409s, 0x00, soc, THERMAL0, 28.14
1418411529.409s, 0x01, soc, THERMAL1, 29.40
1418411529.409s, 0x02, soc, CCC_THERMAL0, 26.87
1418411529.409s, 0x03, soc, CCC_THERMAL1, 27.29
1418411529.409s, 0x04, soc, CCC_THERMAL2, 27.71
1418411529.422s, 0x28, pmu, TJINT, 29.18
1418411529.467s, 0x29, pmu, TDEV1, 26.43
1418411529.472s, 0x2A, pmu, TDEV2, 27.31
1418411529.476s, 0x2B, pmu, TDEV3, 26.29
1418411529.481s, 0x2C, pmu, TDEV4, 28.92
1418411649.419s, 0x00, soc, THERMAL0, 28.14
1418411649.419s, 0x01, soc, THERMAL1, 28.98
1418411649.419s, 0x02, soc, CCC_THERMAL0, 26.87
1418411649.419s, 0x03, soc, CCC_THERMAL1, 26.87
1418411649.419s, 0x04, soc, CCC_THERMAL2, 27.71
1418411649.432s, 0x28, pmu, TJINT, 28.91
1418411649.476s, 0x29, pmu, TDEV1, 26.43
1418411649.481s, 0x2A, pmu, TDEV2, 27.31
1418411649.486s, 0x2B, pmu, TDEV3, 26.29
1418411649.491s, 0x2C, pmu, TDEV4, 29.03
1418411769.428s, 0x00, soc, THERMAL0, 27.71
1418411769.428s, 0x01, soc, THERMAL1, 28.98
1418411769.428s, 0x02, soc, CCC_THERMAL0, 26.87
1418411769.428s, 0x03, soc, CCC_THERMAL1, 26.87
1418411769.428s, 0x04, soc, CCC_THERMAL2, 27.71
1418411769.441s, 0x28, pmu, TJINT, 29.45
1418411769.486s, 0x29, pmu, TDEV1, 26.43
1418411769.491s, 0x2A, pmu, TDEV2, 27.28
1418411769.495s, 0x2B, pmu, TDEV3, 26.29
1418411769.500s, 0x2C, pmu, TDEV4, 29.03
1418411827.984s, wrote at: 2014.12.12.19.17.8
1418411948.405s, 0x00, soc, THERMAL0, 28.14
1418411948.405s, 0x01, soc, THERMAL1, 28.98
1418411948.405s, 0x02, soc, CCC_THERMAL0, 28.14
1418411948.405s, 0x03, soc, CCC_THERMAL1, 28.98
1418411948.405s, 0x04, soc, CCC_THERMAL2, 28.56
1418411948.408s, 0x28, pmu, TJINT, 29.71
1418411948.457s, 0x29, pmu, TDEV1, 26.34
1418411948.462s, 0x2A, pmu, TDEV2, 27.19
1418411948.467s, 0x2B, pmu, TDEV3, 26.21
1418411948.471s, 0x2C, pmu, TDEV4, 28.83
1418412068.410s, 0x00, soc, THERMAL0, 28.14
1418412068.410s, 0x01, soc, THERMAL1, 28.98
1418412068.410s, 0x02, soc, CCC_THERMAL0, 26.87
1418412068.410s, 0x03, soc, CCC_THERMAL1, 26.87
1418412068.410s, 0x04, soc, CCC_THERMAL2, 27.71
1418412068.413s, 0x28, pmu, TJINT, 29.71
1418412068.468s, 0x29, pmu, TDEV1, 26.41
1418412068.473s, 0x2A, pmu, TDEV2, 27.26
1418412068.477s, 0x2B, pmu, TDEV3, 26.27
1418412068.482s, 0x2C, pmu, TDEV4, 28.83
1418412188.411s, 0x00, soc, THERMAL0, 28.14
1418412188.411s, 0x01, soc, THERMAL1, 28.98
1418412188.411s, 0x02, soc, CCC_THERMAL0, 26.87
1418412188.411s, 0x03, soc, CCC_THERMAL1, 27.29
1418412188.411s, 0x04, soc, CCC_THERMAL2, 27.71
1418412188.424s, 0x28, pmu, TJINT, 29.18
1418412188.479s, 0x29, pmu, TDEV1, 26.38
1418412188.483s, 0x2A, pmu, TDEV2, 27.26
1418412188.488s, 0x2B, pmu, TDEV3, 26.24
1418412188.493s, 0x2C, pmu, TDEV4, 28.87
1418412308.411s, 0x00, soc, THERMAL0, 27.71
1418412308.412s, 0x01, soc, THERMAL1, 28.98
1418412308.412s, 0x02, soc, CCC_THERMAL0, 26.87
1418412308.412s, 0x03, soc, CCC_THERMAL1, 27.29
1418412308.412s, 0x04, soc, CCC_THERMAL2, 27.71
1418412308.434s, 0x28, pmu, TJINT, 29.45
1418412308.489s, 0x29, pmu, TDEV1, 26.34
1418412308.494s, 0x2A, pmu, TDEV2, 27.19
1418412308.499s, 0x2B, pmu, TDEV3, 26.24
1418412308.503s, 0x2C, pmu, TDEV4, 28.87
1418412428.412s, 0x00, soc, THERMAL0, 27.71
1418412428.412s, 0x01, soc, THERMAL1, 28.98
1418412428.412s, 0x02, soc, CCC_THERMAL0, 26.87
1418412428.412s, 0x03, soc, CCC_THERMAL1, 26.87
1418412428.412s, 0x04, soc, CCC_THERMAL2, 27.71
1418412428.445s, 0x28, pmu, TJINT, 29.18
1418412428.500s, 0x29, pmu, TDEV1, 26.34
1418412428.505s, 0x2A, pmu, TDEV2, 27.19
1418412428.509s, 0x2B, pmu, TDEV3, 26.24
1418412428.514s, 0x2C, pmu, TDEV4, 28.83
1418412548.413s, 0x00, soc, THERMAL0, 27.71
1418412548.413s, 0x01, soc, THERMAL1, 28.98
1418412548.413s, 0x02, soc, CCC_THERMAL0, 27.29
1418412548.413s, 0x03, soc, CCC_THERMAL1, 27.29
1418412548.413s, 0x04, soc, CCC_THERMAL2, 27.29
1418412548.456s, 0x28, pmu, TJINT, 28.91
1418412548.511s, 0x29, pmu, TDEV1, 26.31
1418412548.515s, 0x2A, pmu, TDEV2, 27.12
1418412548.520s, 0x2B, pmu, TDEV3, 26.27
1418412548.525s, 0x2C, pmu, TDEV4, 28.83
1418412668.413s, 0x00, soc, THERMAL0, 27.71
1418412668.413s, 0x01, soc, THERMAL1, 28.98
1418412668.413s, 0x02, soc, CCC_THERMAL0, 26.87
1418412668.413s, 0x03, soc, CCC_THERMAL1, 26.87
1418412668.413s, 0x04, soc, CCC_THERMAL2, 27.29
1418412668.466s, 0x28, pmu, TJINT, 29.18
1418412668.521s, 0x29, pmu, TDEV1, 26.38
1418412668.526s, 0x2A, pmu, TDEV2, 27.12
1418412668.531s, 0x2B, pmu, TDEV3, 26.27
1418412668.535s, 0x2C, pmu, TDEV4, 28.79
1418412788.414s, 0x00, soc, THERMAL0, 27.71
1418412788.414s, 0x01, soc, THERMAL1, 28.56
1418412788.414s, 0x02, soc, CCC_THERMAL0, 26.87
1418412788.414s, 0x03, soc, CCC_THERMAL1, 27.29
1418412788.414s, 0x04, soc, CCC_THERMAL2, 27.71
1418412788.477s, 0x28, pmu, TJINT, 29.18
1418412788.532s, 0x29, pmu, TDEV1, 26.34
1418412788.537s, 0x2A, pmu, TDEV2, 27.16
1418412788.541s, 0x2B, pmu, TDEV3, 26.17
1418412788.546s, 0x2C, pmu, TDEV4, 28.79
1418412908.415s, 0x00, soc, THERMAL0, 27.71
1418412908.415s, 0x01, soc, THERMAL1, 28.56
1418412908.415s, 0x02, soc, CCC_THERMAL0, 26.87
1418412908.415s, 0x03, soc, CCC_THERMAL1, 27.29
1418412908.415s, 0x04, soc, CCC_THERMAL2, 27.29
1418412908.488s, 0x28, pmu, TJINT, 28.91
1418412908.543s, 0x29, pmu, TDEV1, 26.31
1418412908.547s, 0x2A, pmu, TDEV2, 27.16
1418412908.552s, 0x2B, pmu, TDEV3, 26.21
1418412908.557s, 0x2C, pmu, TDEV4, 28.72
1418413028.415s, 0x00, soc, THERMAL0, 27.71
1418413028.415s, 0x01, soc, THERMAL1, 28.56
1418413028.415s, 0x02, soc, CCC_THERMAL0, 26.87
1418413028.415s, 0x03, soc, CCC_THERMAL1, 26.87
1418413028.415s, 0x04, soc, CCC_THERMAL2, 27.29
1418413028.498s, 0x28, pmu, TJINT, 29.18
1418413028.553s, 0x29, pmu, TDEV1, 26.21
1418413028.558s, 0x2A, pmu, TDEV2, 27.05
1418413028.563s, 0x2B, pmu, TDEV3, 26.10
1418413028.567s, 0x2C, pmu, TDEV4, 28.64
1418413148.416s, 0x00, soc, THERMAL0, 27.71
1418413148.416s, 0x01, soc, THERMAL1, 29.40
1418413148.416s, 0x02, soc, CCC_THERMAL0, 26.87
1418413148.416s, 0x03, soc, CCC_THERMAL1, 26.87
1418413148.416s, 0x04, soc, CCC_THERMAL2, 27.29
1418413148.509s, 0x28, pmu, TJINT, 28.91
1418413148.564s, 0x29, pmu, TDEV1, 26.21
1418413148.569s, 0x2A, pmu, TDEV2, 26.98
1418413148.573s, 0x2B, pmu, TDEV3, 26.07
1418413148.578s, 0x2C, pmu, TDEV4, 28.68
1418413268.417s, 0x00, soc, THERMAL0, 27.71
1418413268.417s, 0x01, soc, THERMAL1, 28.98
1418413268.417s, 0x02, soc, CCC_THERMAL0, 26.87
1418413268.417s, 0x03, soc, CCC_THERMAL1, 26.87
1418413268.417s, 0x04, soc, CCC_THERMAL2, 27.29
1418413268.520s, 0x28, pmu, TJINT, 28.91
1418413268.575s, 0x29, pmu, TDEV1, 26.21
1418413268.579s, 0x2A, pmu, TDEV2, 27.01
1418413268.584s, 0x2B, pmu, TDEV3, 26.00
1418413268.589s, 0x2C, pmu, TDEV4, 28.60
1418413388.417s, 0x00, soc, THERMAL0, 27.71
1418413388.417s, 0x01, soc, THERMAL1, 28.56
1418413388.417s, 0x02, soc, CCC_THERMAL0, 26.87
1418413388.417s, 0x03, soc, CCC_THERMAL1, 26.87
1418413388.417s, 0x04, soc, CCC_THERMAL2, 27.71
1418413388.530s, 0x28, pmu, TJINT, 28.65
1418413388.585s, 0x29, pmu, TDEV1, 26.14
1418413388.590s, 0x2A, pmu, TDEV2, 26.94
1418413388.595s, 0x2B, pmu, TDEV3, 26.00
1418413388.599s, 0x2C, pmu, TDEV4, 28.64
1418413508.418s, 0x00, soc, THERMAL0, 27.71
1418413508.418s, 0x01, soc, THERMAL1, 28.98
1418413508.418s, 0x02, soc, CCC_THERMAL0, 26.87
1418413508.418s, 0x03, soc, CCC_THERMAL1, 26.87
1418413508.418s, 0x04, soc, CCC_THERMAL2, 27.29
1418413508.541s, 0x28, pmu, TJINT, 29.18
1418413508.596s, 0x29, pmu, TDEV1, 26.14
1418413508.601s, 0x2A, pmu, TDEV2, 26.91
1418413508.605s, 0x2B, pmu, TDEV3, 26.00
1418413508.610s, 0x2C, pmu, TDEV4, 28.52
1418413628.418s, 0x00, soc, THERMAL0, 27.71
1418413628.418s, 0x01, soc, THERMAL1, 28.56
1418413628.418s, 0x02, soc, CCC_THERMAL0, 26.87
1418413628.418s, 0x03, soc, CCC_THERMAL1, 26.45
1418413628.418s, 0x04, soc, CCC_THERMAL2, 27.29
1418413628.551s, 0x28, pmu, TJINT, 28.91
1418413628.606s, 0x29, pmu, TDEV1, 26.07
1418413628.611s, 0x2A, pmu, TDEV2, 26.91
1418413628.616s, 0x2B, pmu, TDEV3, 25.93
1418413628.620s, 0x2C, pmu, TDEV4, 28.52
1418413748.419s, 0x00, soc, THERMAL0, 27.71
1418413748.419s, 0x01, soc, THERMAL1, 28.56
1418413748.419s, 0x02, soc, CCC_THERMAL0, 26.45
1418413748.419s, 0x03, soc, CCC_THERMAL1, 26.87
1418413748.419s, 0x04, soc, CCC_THERMAL2, 27.71
1418413748.562s, 0x28, pmu, TJINT, 28.91
1418413748.617s, 0x29, pmu, TDEV1, 26.07
1418413748.622s, 0x2A, pmu, TDEV2, 26.87
1418413748.626s, 0x2B, pmu, TDEV3, 25.93
1418413748.631s, 0x2C, pmu, TDEV4, 28.52
1418413868.419s, 0x00, soc, THERMAL0, 27.29
1418413868.419s, 0x01, soc, THERMAL1, 28.56
1418413868.419s, 0x02, soc, CCC_THERMAL0, 26.45
1418413868.419s, 0x03, soc, CCC_THERMAL1, 26.87
1418413868.419s, 0x04, soc, CCC_THERMAL2, 27.29
1418413868.572s, 0x28, pmu, TJINT, 28.91
1418413868.627s, 0x29, pmu, TDEV1, 26.00
1418413868.632s, 0x2A, pmu, TDEV2, 26.83
1418413868.637s, 0x2B, pmu, TDEV3, 25.90
1418413868.642s, 0x2C, pmu, TDEV4, 28.49
1418413988.420s, 0x00, soc, THERMAL0, 27.71
1418413988.420s, 0x01, soc, THERMAL1, 28.56
1418413988.420s, 0x02, soc, CCC_THERMAL0, 26.45
1418413988.420s, 0x03, soc, CCC_THERMAL1, 26.87
1418413988.420s, 0x04, soc, CCC_THERMAL2, 27.29
1418413988.583s, 0x28, pmu, TJINT, 28.91
1418413988.638s, 0x29, pmu, TDEV1, 25.97
1418413988.643s, 0x2A, pmu, TDEV2, 26.73
1418413988.648s, 0x2B, pmu, TDEV3, 25.86
1418413988.652s, 0x2C, pmu, TDEV4, 28.45
1418414108.420s, 0x00, soc, THERMAL0, 27.71
1418414108.420s, 0x01, soc, THERMAL1, 28.56
1418414108.420s, 0x02, soc, CCC_THERMAL0, 26.87
1418414108.420s, 0x03, soc, CCC_THERMAL1, 26.03
1418414108.420s, 0x04, soc, CCC_THERMAL2, 26.87
1418414108.594s, 0x28, pmu, TJINT, 28.91
1418414108.649s, 0x29, pmu, TDEV1, 25.90
1418414108.653s, 0x2A, pmu, TDEV2, 26.69
1418414108.658s, 0x2B, pmu, TDEV3, 25.73
1418414108.663s, 0x2C, pmu, TDEV4, 28.30
1418414228.421s, 0x00, soc, THERMAL0, 27.29
1418414228.421s, 0x01, soc, THERMAL1, 28.56
1418414228.421s, 0x02, soc, CCC_THERMAL0, 26.87
1418414228.421s, 0x03, soc, CCC_THERMAL1, 26.87
1418414228.421s, 0x04, soc, CCC_THERMAL2, 27.29
1418414228.604s, 0x28, pmu, TJINT, 28.65
1418414228.659s, 0x29, pmu, TDEV1, 25.86
1418414228.664s, 0x2A, pmu, TDEV2, 26.69
1418414228.669s, 0x2B, pmu, TDEV3, 25.76
1418414228.674s, 0x2C, pmu, TDEV4, 28.30
1418414348.422s, 0x00, soc, THERMAL0, 27.71
1418414348.422s, 0x01, soc, THERMAL1, 28.56
1418414348.422s, 0x02, soc, CCC_THERMAL0, 26.45
1418414348.422s, 0x03, soc, CCC_THERMAL1, 26.45
1418414348.422s, 0x04, soc, CCC_THERMAL2, 26.87
1418414348.615s, 0x28, pmu, TJINT, 28.38
1418414348.670s, 0x29, pmu, TDEV1, 25.86
1418414348.675s, 0x2A, pmu, TDEV2, 26.62
1418414348.679s, 0x2B, pmu, TDEV3, 25.73
1418414348.684s, 0x2C, pmu, TDEV4, 28.30
1418414468.422s, 0x00, soc, THERMAL0, 27.29
1418414468.422s, 0x01, soc, THERMAL1, 28.56
1418414468.422s, 0x02, soc, CCC_THERMAL0, 26.87
1418414468.422s, 0x03, soc, CCC_THERMAL1, 26.45
1418414468.422s, 0x04, soc, CCC_THERMAL2, 27.29
1418414468.626s, 0x28, pmu, TJINT, 28.65
1418414468.681s, 0x29, pmu, TDEV1, 25.90
1418414468.685s, 0x2A, pmu, TDEV2, 26.69
1418414468.690s, 0x2B, pmu, TDEV3, 25.69
1418414468.695s, 0x2C, pmu, TDEV4, 28.30
1418414588.423s, 0x00, soc, THERMAL0, 27.29
1418414588.423s, 0x01, soc, THERMAL1, 28.56
1418414588.423s, 0x02, soc, CCC_THERMAL0, 26.87
1418414588.423s, 0x03, soc, CCC_THERMAL1, 26.45
1418414588.423s, 0x04, soc, CCC_THERMAL2, 26.87
1418414588.636s, 0x28, pmu, TJINT, 28.91
1418414588.691s, 0x29, pmu, TDEV1, 25.90
1418414588.696s, 0x2A, pmu, TDEV2, 26.73
1418414588.701s, 0x2B, pmu, TDEV3, 25.69
1418414588.705s, 0x2C, pmu, TDEV4, 28.30
1418414708.423s, 0x00, soc, THERMAL0, 27.71
1418414708.423s, 0x01, soc, THERMAL1, 28.14
1418414708.423s, 0x02, soc, CCC_THERMAL0, 26.45
1418414708.423s, 0x03, soc, CCC_THERMAL1, 26.45
1418414708.423s, 0x04, soc, CCC_THERMAL2, 27.29
1418414708.647s, 0x28, pmu, TJINT, 28.91
1418414708.702s, 0x29, pmu, TDEV1, 25.90
1418414708.707s, 0x2A, pmu, TDEV2, 26.76
1418414708.711s, 0x2B, pmu, TDEV3, 25.76
1418414708.716s, 0x2C, pmu, TDEV4, 28.37
1418414828.424s, 0x00, soc, THERMAL0, 27.71
1418414828.424s, 0x01, soc, THERMAL1, 28.56
1418414828.424s, 0x02, soc, CCC_THERMAL0, 26.87
1418414828.424s, 0x03, soc, CCC_THERMAL1, 26.87
1418414828.424s, 0x04, soc, CCC_THERMAL2, 26.87
1418414828.657s, 0x28, pmu, TJINT, 28.91
1418414828.712s, 0x29, pmu, TDEV1, 26.00
1418414828.717s, 0x2A, pmu, TDEV2, 26.76
1418414828.722s, 0x2B, pmu, TDEV3, 25.73
1418414828.727s, 0x2C, pmu, TDEV4, 28.45
1418414948.425s, 0x00, soc, THERMAL0, 27.71
1418414948.425s, 0x01, soc, THERMAL1, 28.56
1418414948.425s, 0x02, soc, CCC_THERMAL0, 26.87
1418414948.425s, 0x03, soc, CCC_THERMAL1, 26.45
1418414948.425s, 0x04, soc, CCC_THERMAL2, 27.29
1418414948.668s, 0x28, pmu, TJINT, 28.65
1418414948.723s, 0x29, pmu, TDEV1, 25.93
1418414948.728s, 0x2A, pmu, TDEV2, 26.76
1418414948.733s, 0x2B, pmu, TDEV3, 25.76
1418414948.737s, 0x2C, pmu, TDEV4, 28.41
1418415068.425s, 0x00, soc, THERMAL0, 27.29
1418415068.425s, 0x01, soc, THERMAL1, 28.56
1418415068.425s, 0x02, soc, CCC_THERMAL0, 26.87
1418415068.425s, 0x03, soc, CCC_THERMAL1, 26.87
1418415068.425s, 0x04, soc, CCC_THERMAL2, 27.29
1418415068.679s, 0x28, pmu, TJINT, 28.91
1418415068.734s, 0x29, pmu, TDEV1, 26.00
1418415068.739s, 0x2A, pmu, TDEV2, 26.76
1418415068.743s, 0x2B, pmu, TDEV3, 25.86
1418415068.748s, 0x2C, pmu, TDEV4, 28.37
1418415188.426s, 0x00, soc, THERMAL0, 27.29
1418415188.426s, 0x01, soc, THERMAL1, 28.56
1418415188.426s, 0x02, soc, CCC_THERMAL0, 26.87
1418415188.426s, 0x03, soc, CCC_THERMAL1, 26.45
1418415188.426s, 0x04, soc, CCC_THERMAL2, 26.87
1418415188.689s, 0x28, pmu, TJINT, 28.91
1418415188.744s, 0x29, pmu, TDEV1, 25.97
1418415188.749s, 0x2A, pmu, TDEV2, 26.69
1418415188.754s, 0x2B, pmu, TDEV3, 25.80
1418415188.759s, 0x2C, pmu, TDEV4, 28.37
1418415308.426s, 0x00, soc, THERMAL0, 27.29
1418415308.426s, 0x01, soc, THERMAL1, 28.56
1418415308.426s, 0x02, soc, CCC_THERMAL0, 26.45
1418415308.426s, 0x03, soc, CCC_THERMAL1, 26.87
1418415308.426s, 0x04, soc, CCC_THERMAL2, 27.29
1418415308.700s, 0x28, pmu, TJINT, 28.38
1418415308.755s, 0x29, pmu, TDEV1, 25.97
1418415308.760s, 0x2A, pmu, TDEV2, 26.76
1418415308.765s, 0x2B, pmu, TDEV3, 25.80
1418415308.769s, 0x2C, pmu, TDEV4, 28.37
1418415428.427s, 0x00, soc, THERMAL0, 27.29
1418415428.427s, 0x01, soc, THERMAL1, 28.56
1418415428.427s, 0x02, soc, CCC_THERMAL0, 26.45
1418415428.427s, 0x03, soc, CCC_THERMAL1, 26.45
1418415428.427s, 0x04, soc, CCC_THERMAL2, 27.29
1418415428.711s, 0x28, pmu, TJINT, 28.91
1418415428.766s, 0x29, pmu, TDEV1, 25.86
1418415428.770s, 0x2A, pmu, TDEV2, 26.76
1418415428.775s, 0x2B, pmu, TDEV3, 25.73
1418415428.780s, 0x2C, pmu, TDEV4, 28.37
1418415548.428s, 0x00, soc, THERMAL0, 27.71
1418415548.428s, 0x01, soc, THERMAL1, 28.56
1418415548.428s, 0x02, soc, CCC_THERMAL0, 26.87
1418415548.428s, 0x03, soc, CCC_THERMAL1, 26.45
1418415548.428s, 0x04, soc, CCC_THERMAL2, 27.29
1418415548.721s, 0x28, pmu, TJINT, 28.91
1418415548.776s, 0x29, pmu, TDEV1, 25.93
1418415548.781s, 0x2A, pmu, TDEV2, 26.73
1418415548.786s, 0x2B, pmu, TDEV3, 25.73
1418415548.791s, 0x2C, pmu, TDEV4, 28.37
1418415668.428s, 0x00, soc, THERMAL0, 27.29
1418415668.428s, 0x01, soc, THERMAL1, 28.56
1418415668.428s, 0x02, soc, CCC_THERMAL0, 26.87
1418415668.428s, 0x03, soc, CCC_THERMAL1, 26.03
1418415668.428s, 0x04, soc, CCC_THERMAL2, 26.87
1418415668.732s, 0x28, pmu, TJINT, 29.18
1418415668.787s, 0x29, pmu, TDEV1, 25.86
1418415668.792s, 0x2A, pmu, TDEV2, 26.73
1418415668.796s, 0x2B, pmu, TDEV3, 25.73
1418415668.801s, 0x2C, pmu, TDEV4, 28.37
1418415788.429s, 0x00, soc, THERMAL0, 27.29
1418415788.429s, 0x01, soc, THERMAL1, 28.56
1418415788.429s, 0x02, soc, CCC_THERMAL0, 26.45
1418415788.429s, 0x03, soc, CCC_THERMAL1, 26.87
1418415788.429s, 0x04, soc, CCC_THERMAL2, 27.29
1418415788.743s, 0x28, pmu, TJINT, 28.38
1418415788.798s, 0x29, pmu, TDEV1, 25.90
1418415788.802s, 0x2A, pmu, TDEV2, 26.66
1418415788.807s, 0x2B, pmu, TDEV3, 25.73
1418415788.812s, 0x2C, pmu, TDEV4, 28.30
1418415796.506s, wrote at: 2014.12.12.20.23.17
1418670220.953s, wrote at: 2014.12.15.19.3.41
45
1418753146.471s, 0x29, pmu, TDEV1, 24.06
1418753146.476s, 0x2A, pmu, TDEV2, 25.41
1418753146.481s, 0x2B, pmu, TDEV3, 24.19
1418753146.485s, 0x2C, pmu, TDEV4, 28.99
1418753266.482s, 0x00, soc, THERMAL0, 28.14
1418753266.482s, 0x01, soc, THERMAL1, 28.98
1418753266.482s, 0x02, soc, CCC_THERMAL0, 28.56
1418753266.482s, 0x03, soc, CCC_THERMAL1, 28.98
1418753266.482s, 0x04, soc, CCC_THERMAL2, 28.56
1418753266.485s, 0x28, pmu, TJINT, 29.18
1418753266.489s, 0x29, pmu, TDEV1, 24.06
1418753266.494s, 0x2A, pmu, TDEV2, 25.48
1418753266.499s, 0x2B, pmu, TDEV3, 24.09
1418753266.504s, 0x2C, pmu, TDEV4, 28.99
1418753386.500s, 0x00, soc, THERMAL0, 28.14
1418753386.500s, 0x01, soc, THERMAL1, 28.56
1418753386.500s, 0x02, soc, CCC_THERMAL0, 28.56
1418753386.500s, 0x03, soc, CCC_THERMAL1, 28.98
1418753386.500s, 0x04, soc, CCC_THERMAL2, 28.56
1418753386.503s, 0x28, pmu, TJINT, 29.71
1418753386.508s, 0x29, pmu, TDEV1, 24.06
1418753386.513s, 0x2A, pmu, TDEV2, 25.38
1418753386.517s, 0x2B, pmu, TDEV3, 24.09
1418753386.522s, 0x2C, pmu, TDEV4, 29.03
1418753506.519s, 0x00, soc, THERMAL0, 27.71
1418753506.519s, 0x01, soc, THERMAL1, 28.98
1418753506.519s, 0x02, soc, CCC_THERMAL0, 28.56
1418753506.519s, 0x03, soc, CCC_THERMAL1, 28.98
1418753506.519s, 0x04, soc, CCC_THERMAL2, 28.98
1418753506.521s, 0x28, pmu, TJINT, 29.18
1418753506.526s, 0x29, pmu, TDEV1, 24.03
1418753506.531s, 0x2A, pmu, TDEV2, 25.38
1418753506.535s, 0x2B, pmu, TDEV3, 24.06
1418753506.540s, 0x2C, pmu, TDEV4, 28.99
1418753626.537s, 0x00, soc, THERMAL0, 28.14
1418753626.537s, 0x01, soc, THERMAL1, 28.56
1418753626.537s, 0x02, soc, CCC_THERMAL0, 28.14
1418753626.537s, 0x03, soc, CCC_THERMAL1, 28.98
1418753626.537s, 0x04, soc, CCC_THERMAL2, 28.56
1418753626.540s, 0x28, pmu, TJINT, 28.91
1418753626.544s, 0x29, pmu, TDEV1, 24.00
1418753626.549s, 0x2A, pmu, TDEV2, 25.34
1418753626.554s, 0x2B, pmu, TDEV3, 24.03
1418753626.558s, 0x2C, pmu, TDEV4, 28.88
1418753746.555s, 0x00, soc, THERMAL0, 28.14
1418753746.555s, 0x01, soc, THERMAL1, 28.56
1418753746.555s, 0x02, soc, CCC_THERMAL0, 28.14
1418753746.555s, 0x03, soc, CCC_THERMAL1, 28.98
1418753746.555s, 0x04, soc, CCC_THERMAL2, 28.56
1418753746.558s, 0x28, pmu, TJINT, 28.91
1418753746.563s, 0x29, pmu, TDEV1, 23.94
1418753746.567s, 0x2A, pmu, TDEV2, 25.38
1418753746.572s, 0x2B, pmu, TDEV3, 23.94
1418753746.577s, 0x2C, pmu, TDEV4, 28.88
1418753866.574s, 0x00, soc, THERMAL0, 27.71
1418753866.574s, 0x01, soc, THERMAL1, 28.56
1418753866.574s, 0x02, soc, CCC_THERMAL0, 28.14
1418753866.574s, 0x03, soc, CCC_THERMAL1, 29.40
1418753866.574s, 0x04, soc, CCC_THERMAL2, 28.56
1418753866.576s, 0x28, pmu, TJINT, 28.91
1418753866.581s, 0x29, pmu, TDEV1, 23.91
1418753866.586s, 0x2A, pmu, TDEV2, 25.28
1418753866.590s, 0x2B, pmu, TDEV3, 23.94
1418753866.595s, 0x2C, pmu, TDEV4, 28.88
1418753986.592s, 0x00, soc, THERMAL0, 27.71
1418753986.592s, 0x01, soc, THERMAL1, 28.98
1418753986.592s, 0x02, soc, CCC_THERMAL0, 28.14
1418753986.592s, 0x03, soc, CCC_THERMAL1, 28.98
1418753986.592s, 0x04, soc, CCC_THERMAL2, 28.56
1418753986.595s, 0x28, pmu, TJINT, 28.65
1418753986.599s, 0x29, pmu, TDEV1, 23.94
1418753986.604s, 0x2A, pmu, TDEV2, 25.28
1418753986.609s, 0x2B, pmu, TDEV3, 23.94
1418753986.614s, 0x2C, pmu, TDEV4, 28.88
1418754106.610s, 0x00, soc, THERMAL0, 27.71
1418754106.610s, 0x01, soc, THERMAL1, 28.56
1418754106.610s, 0x02, soc, CCC_THERMAL0, 28.14
1418754106.610s, 0x03, soc, CCC_THERMAL1, 28.98
1418754106.610s, 0x04, soc, CCC_THERMAL2, 28.98
1418754106.613s, 0x28, pmu, TJINT, 28.65
1418754106.618s, 0x29, pmu, TDEV1, 24.06
1418754106.622s, 0x2A, pmu, TDEV2, 25.34
1418754106.627s, 0x2B, pmu, TDEV3, 24.03
1418754106.632s, 0x2C, pmu, TDEV4, 28.99
1418754226.629s, 0x00, soc, THERMAL0, 27.71
1418754226.629s, 0x01, soc, THERMAL1, 28.56
1418754226.629s, 0x02, soc, CCC_THERMAL0, 28.14
1418754226.629s, 0x03, soc, CCC_THERMAL1, 29.40
1418754226.629s, 0x04, soc, CCC_THERMAL2, 28.56
1418754226.631s, 0x28, pmu, TJINT, 29.45
1418754226.636s, 0x29, pmu, TDEV1, 24.12
1418754226.641s, 0x2A, pmu, TDEV2, 25.41
1418754226.646s, 0x2B, pmu, TDEV3, 24.09
1418754226.650s, 0x2C, pmu, TDEV4, 29.11
1418754346.647s, 0x00, soc, THERMAL0, 28.14
1418754346.647s, 0x01, soc, THERMAL1, 28.98
1418754346.647s, 0x02, soc, CCC_THERMAL0, 28.14
1418754346.647s, 0x03, soc, CCC_THERMAL1, 29.40
1418754346.647s, 0x04, soc, CCC_THERMAL2, 28.56
1418754346.650s, 0x28, pmu, TJINT, 29.45
1418754346.654s, 0x29, pmu, TDEV1, 24.09
1418754346.659s, 0x2A, pmu, TDEV2, 25.48
1418754346.664s, 0x2B, pmu, TDEV3, 24.15
1418754346.669s, 0x2C, pmu, TDEV4, 29.07
1418754466.665s, 0x00, soc, THERMAL0, 28.14
1418754466.665s, 0x01, soc, THERMAL1, 28.98
1418754466.665s, 0x02, soc, CCC_THERMAL0, 28.56
1418754466.665s, 0x03, soc, CCC_THERMAL1, 29.40
1418754466.665s, 0x04, soc, CCC_THERMAL2, 28.56
1418754466.668s, 0x28, pmu, TJINT, 29.45
1418754466.673s, 0x29, pmu, TDEV1, 24.19
1418754466.677s, 0x2A, pmu, TDEV2, 25.51
1418754466.682s, 0x2B, pmu, TDEV3, 24.25
1418754466.687s, 0x2C, pmu, TDEV4, 29.11
1418754586.684s, 0x00, soc, THERMAL0, 28.56
1418754586.684s, 0x01, soc, THERMAL1, 28.98
1418754586.684s, 0x02, soc, CCC_THERMAL0, 28.56
1418754586.684s, 0x03, soc, CCC_THERMAL1, 29.40
1418754586.684s, 0x04, soc, CCC_THERMAL2, 28.98
1418754586.686s, 0x28, pmu, TJINT, 29.18
1418754586.691s, 0x29, pmu, TDEV1, 24.22
1418754586.696s, 0x2A, pmu, TDEV2, 25.61
1418754586.700s, 0x2B, pmu, TDEV3, 24.31
1418754586.705s, 0x2C, pmu, TDEV4, 29.19
1418754706.702s, 0x00, soc, THERMAL0, 28.56
1418754706.702s, 0x01, soc, THERMAL1, 28.98
1418754706.702s, 0x02, soc, CCC_THERMAL0, 28.98
1418754706.702s, 0x03, soc, CCC_THERMAL1, 29.40
1418754706.702s, 0x04, soc, CCC_THERMAL2, 28.98
1418754706.705s, 0x28, pmu, TJINT, 29.18
1418754706.709s, 0x29, pmu, TDEV1, 24.25
1418754706.714s, 0x2A, pmu, TDEV2, 25.71
1418754706.719s, 0x2B, pmu, TDEV3, 24.34
1418754706.724s, 0x2C, pmu, TDEV4, 29.31
1418754826.720s, 0x00, soc, THERMAL0, 28.14
1418754826.720s, 0x01, soc, THERMAL1, 28.98
1418754826.720s, 0x02, soc, CCC_THERMAL0, 28.56
1418754826.720s, 0x03, soc, CCC_THERMAL1, 28.98
1418754826.720s, 0x04, soc, CCC_THERMAL2, 28.98
1418754826.723s, 0x28, pmu, TJINT, 29.18
1418754826.728s, 0x29, pmu, TDEV1, 24.31
1418754826.732s, 0x2A, pmu, TDEV2, 25.64
1418754826.737s, 0x2B, pmu, TDEV3, 24.41
1418754826.742s, 0x2C, pmu, TDEV4, 29.31
1418754946.739s, 0x00, soc, THERMAL0, 28.14
1418754946.739s, 0x01, soc, THERMAL1, 28.98
1418754946.739s, 0x02, soc, CCC_THERMAL0, 28.56
1418754946.739s, 0x03, soc, CCC_THERMAL1, 29.40
1418754946.739s, 0x04, soc, CCC_THERMAL2, 29.40
1418754946.741s, 0x28, pmu, TJINT, 29.71
1418754946.746s, 0x29, pmu, TDEV1, 24.25
1418754946.751s, 0x2A, pmu, TDEV2, 25.71
1418754946.755s, 0x2B, pmu, TDEV3, 24.38
1418754946.760s, 0x2C, pmu, TDEV4, 29.27
1418755066.757s, 0x00, soc, THERMAL0, 28.56
1418755066.757s, 0x01, soc, THERMAL1, 28.98
1418755066.757s, 0x02, soc, CCC_THERMAL0, 28.56
1418755066.757s, 0x03, soc, CCC_THERMAL1, 29.40
1418755066.757s, 0x04, soc, CCC_THERMAL2, 28.98
1418755066.759s, 0x28, pmu, TJINT, 29.71
1418755066.764s, 0x29, pmu, TDEV1, 24.38
1418755066.769s, 0x2A, pmu, TDEV2, 25.68
1418755066.774s, 0x2B, pmu, TDEV3, 24.41
1418755066.778s, 0x2C, pmu, TDEV4, 29.35
1418755186.775s, 0x00, soc, THERMAL0, 28.14
1418755186.775s, 0x01, soc, THERMAL1, 28.98
1418755186.775s, 0x02, soc, CCC_THERMAL0, 28.56
1418755186.775s, 0x03, soc, CCC_THERMAL1, 29.40
1418755186.775s, 0x04, soc, CCC_THERMAL2, 28.98
1418755186.778s, 0x28, pmu, TJINT, 29.45
1418755186.782s, 0x29, pmu, TDEV1, 24.41
1418755186.787s, 0x2A, pmu, TDEV2, 25.71
1418755186.792s, 0x2B, pmu, TDEV3, 24.38
1418755186.797s, 0x2C, pmu, TDEV4, 29.27
1418755306.793s, 0x00, soc, THERMAL0, 28.14
1418755306.793s, 0x01, soc, THERMAL1, 28.98
1418755306.793s, 0x02, soc, CCC_THERMAL0, 28.98
1418755306.793s, 0x03, soc, CCC_THERMAL1, 29.40
1418755306.793s, 0x04, soc, CCC_THERMAL2, 28.98
1418755306.796s, 0x28, pmu, TJINT, 29.45
1418755306.801s, 0x29, pmu, TDEV1, 24.41
1418755306.805s, 0x2A, pmu, TDEV2, 25.74
1418755306.810s, 0x2B, pmu, TDEV3, 24.38
1418755306.815s, 0x2C, pmu, TDEV4, 29.39
1418755426.812s, 0x00, soc, THERMAL0, 28.56
1418755426.812s, 0x01, soc, THERMAL1, 28.98
1418755426.812s, 0x02, soc, CCC_THERMAL0, 28.56
1418755426.812s, 0x03, soc, CCC_THERMAL1, 29.40
1418755426.812s, 0x04, soc, CCC_THERMAL2, 28.98
1418755426.814s, 0x28, pmu, TJINT, 29.45
1418755426.819s, 0x29, pmu, TDEV1, 24.31
1418755426.824s, 0x2A, pmu, TDEV2, 25.68
1418755426.829s, 0x2B, pmu, TDEV3, 24.34
1418755426.833s, 0x2C, pmu, TDEV4, 29.35
1418755546.830s, 0x00, soc, THERMAL0, 28.56
1418755546.830s, 0x01, soc, THERMAL1, 28.98
1418755546.830s, 0x02, soc, CCC_THERMAL0, 28.56
1418755546.830s, 0x03, soc, CCC_THERMAL1, 29.40
1418755546.830s, 0x04, soc, CCC_THERMAL2, 28.98
1418755546.833s, 0x28, pmu, TJINT, 29.45
1418755546.837s, 0x29, pmu, TDEV1, 24.25
1418755546.842s, 0x2A, pmu, TDEV2, 25.61
1418755546.847s, 0x2B, pmu, TDEV3, 24.38
1418755546.852s, 0x2C, pmu, TDEV4, 29.23
1418755666.848s, 0x00, soc, THERMAL0, 28.14
1418755666.848s, 0x01, soc, THERMAL1, 28.98
1418755666.848s, 0x02, soc, CCC_THERMAL0, 28.56
1418755666.848s, 0x03, soc, CCC_THERMAL1, 29.40
1418755666.848s, 0x04, soc, CCC_THERMAL2, 28.98
1418755666.851s, 0x28, pmu, TJINT, 29.18
1418755666.856s, 0x29, pmu, TDEV1, 24.25
1418755666.860s, 0x2A, pmu, TDEV2, 25.68
1418755666.865s, 0x2B, pmu, TDEV3, 24.25
1418755666.870s, 0x2C, pmu, TDEV4, 29.27
1418755786.867s, 0x00, soc, THERMAL0, 28.56
1418755786.867s, 0x01, soc, THERMAL1, 28.98
1418755786.867s, 0x02, soc, CCC_THERMAL0, 28.98
1418755786.867s, 0x03, soc, CCC_THERMAL1, 29.40
1418755786.867s, 0x04, soc, CCC_THERMAL2, 28.98
1418755786.869s, 0x28, pmu, TJINT, 29.18
1418755786.874s, 0x29, pmu, TDEV1, 24.25
1418755786.879s, 0x2A, pmu, TDEV2, 25.61
1418755786.884s, 0x2B, pmu, TDEV3, 24.31
1418755786.888s, 0x2C, pmu, TDEV4, 29.23
1418755906.885s, 0x00, soc, THERMAL0, 28.14
1418755906.885s, 0x01, soc, THERMAL1, 28.56
1418755906.885s, 0x02, soc, CCC_THERMAL0, 28.56
1418755906.885s, 0x03, soc, CCC_THERMAL1, 29.40
1418755906.885s, 0x04, soc, CCC_THERMAL2, 28.98
1418755906.888s, 0x28, pmu, TJINT, 29.71
1418755906.892s, 0x29, pmu, TDEV1, 24.25
1418755906.897s, 0x2A, pmu, TDEV2, 25.61
1418755906.902s, 0x2B, pmu, TDEV3, 24.31
1418755906.907s, 0x2C, pmu, TDEV4, 29.23
1418756026.903s, 0x00, soc, THERMAL0, 28.14
1418756026.903s, 0x01, soc, THERMAL1, 28.56
1418756026.903s, 0x02, soc, CCC_THERMAL0, 28.56
1418756026.903s, 0x03, soc, CCC_THERMAL1, 28.98
1418756026.903s, 0x04, soc, CCC_THERMAL2, 28.98
1418756026.906s, 0x28, pmu, TJINT, 29.45
1418756026.911s, 0x29, pmu, TDEV1, 24.22
1418756026.915s, 0x2A, pmu, TDEV2, 25.58
1418756026.920s, 0x2B, pmu, TDEV3, 24.22
1418756026.925s, 0x2C, pmu, TDEV4, 29.19
1418756146.922s, 0x00, soc, THERMAL0, 28.14
1418756146.922s, 0x01, soc, THERMAL1, 28.56
1418756146.922s, 0x02, soc, CCC_THERMAL0, 28.14
1418756146.922s, 0x03, soc, CCC_THERMAL1, 28.98
1418756146.922s, 0x04, soc, CCC_THERMAL2, 28.56
1418756146.924s, 0x28, pmu, TJINT, 28.65
1418756146.929s, 0x29, pmu, TDEV1, 24.15
1418756146.934s, 0x2A, pmu, TDEV2, 25.54
1418756146.938s, 0x2B, pmu, TDEV3, 24.19
1418756146.943s, 0x2C, pmu, TDEV4, 29.19
1418756266.940s, 0x00, soc, THERMAL0, 28.14
1418756266.940s, 0x01, soc, THERMAL1, 28.56
1418756266.940s, 0x02, soc, CCC_THERMAL0, 28.14
1418756266.940s, 0x03, soc, CCC_THERMAL1, 29.40
1418756266.940s, 0x04, soc, CCC_THERMAL2, 28.98
1418756266.943s, 0x28, pmu, TJINT, 29.18
1418756266.947s, 0x29, pmu, TDEV1, 24.15
1418756266.952s, 0x2A, pmu, TDEV2, 25.48
1418756266.957s, 0x2B, pmu, TDEV3, 24.19
1418756266.962s, 0x2C, pmu, TDEV4, 29.11
1418756386.958s, 0x00, soc, THERMAL0, 28.14
1418756386.958s, 0x01, soc, THERMAL1, 28.98
1418756386.958s, 0x02, soc, CCC_THERMAL0, 28.56
1418756386.958s, 0x03, soc, CCC_THERMAL1, 29.40
1418756386.958s, 0x04, soc, CCC_THERMAL2, 28.98
1418756386.961s, 0x28, pmu, TJINT, 29.18
1418756386.966s, 0x29, pmu, TDEV1, 24.12
1418756386.970s, 0x2A, pmu, TDEV2, 25.51
1418756386.975s, 0x2B, pmu, TDEV3, 24.19
1418756386.980s, 0x2C, pmu, TDEV4, 29.07
1418756506.977s, 0x00, soc, THERMAL0, 28.14
1418756506.977s, 0x01, soc, THERMAL1, 28.56
1418756506.977s, 0x02, soc, CCC_THERMAL0, 28.56
1418756506.977s, 0x03, soc, CCC_THERMAL1, 28.98
1418756506.977s, 0x04, soc, CCC_THERMAL2, 28.98
1418756506.979s, 0x28, pmu, TJINT, 28.91
1418756506.984s, 0x29, pmu, TDEV1, 24.15
1418756506.989s, 0x2A, pmu, TDEV2, 25.48
1418756506.993s, 0x2B, pmu, TDEV3, 24.15
1418756506.998s, 0x2C, pmu, TDEV4, 29.07
1418756626.995s, 0x00, soc, THERMAL0, 28.14
1418756626.995s, 0x01, soc, THERMAL1, 28.98
1418756626.995s, 0x02, soc, CCC_THERMAL0, 28.56
1418756626.995s, 0x03, soc, CCC_THERMAL1, 28.98
1418756626.995s, 0x04, soc, CCC_THERMAL2, 28.56
1418756626.998s, 0x28, pmu, TJINT, 29.18
1418756627.002s, 0x29, pmu, TDEV1, 24.15
1418756627.007s, 0x2A, pmu, TDEV2, 25.48
1418756627.012s, 0x2B, pmu, TDEV3, 24.19
1418756627.016s, 0x2C, pmu, TDEV4, 29.07
1418756747.013s, 0x00, soc, THERMAL0, 28.14
1418756747.013s, 0x01, soc, THERMAL1, 29.40
1418756747.013s, 0x02, soc, CCC_THERMAL0, 28.56
1418756747.013s, 0x03, soc, CCC_THERMAL1, 28.98
1418756747.013s, 0x04, soc, CCC_THERMAL2, 28.98
1418756747.016s, 0x28, pmu, TJINT, 29.45
1418756747.021s, 0x29, pmu, TDEV1, 24.06
1418756747.025s, 0x2A, pmu, TDEV2, 25.48
1418756747.030s, 0x2B, pmu, TDEV3, 24.15
1418756747.035s, 0x2C, pmu, TDEV4, 29.11
1418756867.032s, 0x00, soc, THERMAL0, 28.14
1418756867.032s, 0x01, soc, THERMAL1, 28.98
1418756867.032s, 0x02, soc, CCC_THERMAL0, 28.14
1418756867.032s, 0x03, soc, CCC_THERMAL1, 29.40
1418756867.032s, 0x04, soc, CCC_THERMAL2, 28.98
1418756867.034s, 0x28, pmu, TJINT, 29.18
1418756867.039s, 0x29, pmu, TDEV1, 24.09
1418756867.044s, 0x2A, pmu, TDEV2, 25.34
1418756867.048s, 0x2B, pmu, TDEV3, 24.12
1418756867.053s, 0x2C, pmu, TDEV4, 29.07
1418756987.050s, 0x00, soc, THERMAL0, 28.14
1418756987.050s, 0x01, soc, THERMAL1, 28.56
1418756987.050s, 0x02, soc, CCC_THERMAL0, 28.14
1418756987.050s, 0x03, soc, CCC_THERMAL1, 29.40
1418756987.050s, 0x04, soc, CCC_THERMAL2, 28.56
1418756987.052s, 0x28, pmu, TJINT, 29.45
1418756987.057s, 0x29, pmu, TDEV1, 24.03
1418756987.062s, 0x2A, pmu, TDEV2, 25.38
1418756987.067s, 0x2B, pmu, TDEV3, 24.06
1418756987.071s, 0x2C, pmu, TDEV4, 28.96
1418757107.068s, 0x00, soc, THERMAL0, 28.56
1418757107.068s, 0x01, soc, THERMAL1, 28.56
1418757107.068s, 0x02, soc, CCC_THERMAL0, 28.14
1418757107.068s, 0x03, soc, CCC_THERMAL1, 28.98
1418757107.068s, 0x04, soc, CCC_THERMAL2, 28.56
1418757107.071s, 0x28, pmu, TJINT, 28.91
1418757107.076s, 0x29, pmu, TDEV1, 24.00
1418757107.080s, 0x2A, pmu, TDEV2, 25.34
1418757107.085s, 0x2B, pmu, TDEV3, 24.12
1418757107.090s, 0x2C, pmu, TDEV4, 28.99
1418757227.087s, 0x00, soc, THERMAL0, 27.71
1418757227.087s, 0x01, soc, THERMAL1, 28.56
1418757227.087s, 0x02, soc, CCC_THERMAL0, 28.56
1418757227.087s, 0x03, soc, CCC_THERMAL1, 28.98
1418757227.087s, 0x04, soc, CCC_THERMAL2, 28.56
1418757227.089s, 0x28, pmu, TJINT, 28.91
1418757227.094s, 0x29, pmu, TDEV1, 24.00
1418757227.099s, 0x2A, pmu, TDEV2, 25.34
1418757227.103s, 0x2B, pmu, TDEV3, 24.09
1418757227.108s, 0x2C, pmu, TDEV4, 28.96
1418757347.105s, 0x00, soc, THERMAL0, 28.14
1418757347.105s, 0x01, soc, THERMAL1, 28.56
1418757347.105s, 0x02, soc, CCC_THERMAL0, 28.98
1418757347.105s, 0x03, soc, CCC_THERMAL1, 29.40
1418757347.105s, 0x04, soc, CCC_THERMAL2, 28.98
1418757347.108s, 0x28, pmu, TJINT, 29.45
1418757347.112s, 0x29, pmu, TDEV1, 24.00
1418757347.117s, 0x2A, pmu, TDEV2, 25.44
1418757347.122s, 0x2B, pmu, TDEV3, 24.03
1418757347.126s, 0x2C, pmu, TDEV4, 29.03
1418757467.123s, 0x00, soc, THERMAL0, 28.14
1418757467.123s, 0x01, soc, THERMAL1, 28.56
1418757467.123s, 0x02, soc, CCC_THERMAL0, 28.56
1418757467.123s, 0x03, soc, CCC_THERMAL1, 29.40
1418757467.123s, 0x04, soc, CCC_THERMAL2, 28.56
1418757467.126s, 0x28, pmu, TJINT, 28.91
1418757467.131s, 0x29, pmu, TDEV1, 23.94
1418757467.135s, 0x2A, pmu, TDEV2, 25.28
1418757467.140s, 0x2B, pmu, TDEV3, 24.00
1418757467.145s, 0x2C, pmu, TDEV4, 28.92
1418757587.932s, 0x00, soc, THERMAL0, 27.71
1418757587.932s, 0x01, soc, THERMAL1, 28.56
1418757587.932s, 0x02, soc, CCC_THERMAL0, 28.14
1418757587.932s, 0x03, soc, CCC_THERMAL1, 28.98
1418757587.932s, 0x04, soc, CCC_THERMAL2, 28.98
1418757587.934s, 0x28, pmu, TJINT, 29.18
1418757587.939s, 0x29, pmu, TDEV1, 23.94
1418757587.944s, 0x2A, pmu, TDEV2, 25.34
1418757587.949s, 0x2B, pmu, TDEV3, 24.00
1418757587.953s, 0x2C, pmu, TDEV4, 28.99
1418757641.755s, wrote at: 2014.12.16.19.20.42
7.94
1418757919.715s, 0x29, pmu, TDEV1, 27.71
1418757919.720s, 0x2A, pmu, TDEV2, 31.80
1418757919.725s, 0x2B, pmu, TDEV3, 29.86
1418757919.729s, 0x2C, pmu, TDEV4, 37.52
1418758039.724s, 0x00, soc, THERMAL0, 37.84
1418758039.724s, 0x01, soc, THERMAL1, 39.53
1418758039.724s, 0x02, soc, CCC_THERMAL0, 38.68
1418758039.724s, 0x03, soc, CCC_THERMAL1, 39.53
1418758039.724s, 0x04, soc, CCC_THERMAL2, 38.68
1418758039.726s, 0x28, pmu, TJINT, 39.27
1418758039.731s, 0x29, pmu, TDEV1, 28.80
1418758039.736s, 0x2A, pmu, TDEV2, 32.83
1418758039.740s, 0x2B, pmu, TDEV3, 30.81
1418758039.745s, 0x2C, pmu, TDEV4, 38.78
1418758106.305s, 0x00, soc, THERMAL0, 38.68
1418758106.305s, 0x01, soc, THERMAL1, 39.10
1418758106.306s, 0x02, soc, CCC_THERMAL0, 39.10
1418758106.306s, 0x03, soc, CCC_THERMAL1, 40.37
1418758106.306s, 0x04, soc, CCC_THERMAL2, 39.53
1418758106.308s, 0x28, pmu, TJINT, 39.53
1418758106.313s, 0x29, pmu, TDEV1, 29.35
1418758106.318s, 0x2A, pmu, TDEV2, 33.38
1418758106.322s, 0x2B, pmu, TDEV3, 31.28
1418758106.327s, 0x2C, pmu, TDEV4, 39.19
1418758227.228s, 0x00, soc, THERMAL0, 39.53
1418758227.228s, 0x01, soc, THERMAL1, 40.37
1418758227.228s, 0x02, soc, CCC_THERMAL0, 39.95
1418758227.228s, 0x03, soc, CCC_THERMAL1, 40.79
1418758227.228s, 0x04, soc, CCC_THERMAL2, 40.79
1418758227.231s, 0x28, pmu, TJINT, 40.59
1418758227.236s, 0x29, pmu, TDEV1, 29.94
1418758227.240s, 0x2A, pmu, TDEV2, 34.10
1418758227.245s, 0x2B, pmu, TDEV3, 31.88
1418758227.250s, 0x2C, pmu, TDEV4, 40.17
1418758347.244s, 0x00, soc, THERMAL0, 40.37
1418758347.244s, 0x01, soc, THERMAL1, 41.64
1418758347.244s, 0x02, soc, CCC_THERMAL0, 40.79
1418758347.244s, 0x03, soc, CCC_THERMAL1, 42.06
1418758347.244s, 0x04, soc, CCC_THERMAL2, 41.21
1418758347.247s, 0x28, pmu, TJINT, 40.59
1418758347.252s, 0x29, pmu, TDEV1, 30.52
1418758347.256s, 0x2A, pmu, TDEV2, 34.73
1418758347.261s, 0x2B, pmu, TDEV3, 32.51
1418758347.266s, 0x2C, pmu, TDEV4, 40.74
1418758467.260s, 0x00, soc, THERMAL0, 41.21
1418758467.260s, 0x01, soc, THERMAL1, 41.64
1418758467.260s, 0x02, soc, CCC_THERMAL0, 41.64
1418758467.260s, 0x03, soc, CCC_THERMAL1, 42.48
1418758467.260s, 0x04, soc, CCC_THERMAL2, 42.48
1418758467.263s, 0x28, pmu, TJINT, 40.86
1418758467.267s, 0x29, pmu, TDEV1, 31.02
1418758467.272s, 0x2A, pmu, TDEV2, 35.29
1418758467.277s, 0x2B, pmu, TDEV3, 32.87
1418758467.282s, 0x2C, pmu, TDEV4, 41.25
1418758587.276s, 0x00, soc, THERMAL0, 41.21
1418758587.276s, 0x01, soc, THERMAL1, 42.90
1418758587.276s, 0x02, soc, CCC_THERMAL0, 41.64
1418758587.276s, 0x03, soc, CCC_THERMAL1, 42.90
1418758587.276s, 0x04, soc, CCC_THERMAL2, 42.90
1418758587.279s, 0x28, pmu, TJINT, 42.18
1418758587.283s, 0x29, pmu, TDEV1, 31.45
1418758587.288s, 0x2A, pmu, TDEV2, 35.70
1418758587.293s, 0x2B, pmu, TDEV3, 33.24
1418758587.297s, 0x2C, pmu, TDEV4, 41.64
1418758701.573s, 0x00, soc, THERMAL0, 41.64
1418758701.573s, 0x01, soc, THERMAL1, 42.48
1418758701.573s, 0x02, soc, CCC_THERMAL0, 42.48
1418758701.573s, 0x03, soc, CCC_THERMAL1, 43.32
1418758701.573s, 0x04, soc, CCC_THERMAL2, 42.48
1418758701.575s, 0x28, pmu, TJINT, 42.72
1418758701.580s, 0x29, pmu, TDEV1, 31.71
1418758701.585s, 0x2A, pmu, TDEV2, 35.90
1418758701.589s, 0x2B, pmu, TDEV3, 33.43
1418758701.594s, 0x2C, pmu, TDEV4, 42.04
1418758822.527s, 0x00, soc, THERMAL0, 42.48
1418758822.527s, 0x01, soc, THERMAL1, 43.32
1418758822.527s, 0x02, soc, CCC_THERMAL0, 42.48
1418758822.527s, 0x03, soc, CCC_THERMAL1, 43.75
1418758822.527s, 0x04, soc, CCC_THERMAL2, 43.75
1418758822.530s, 0x28, pmu, TJINT, 42.18
1418758822.534s, 0x29, pmu, TDEV1, 31.97
1418758822.539s, 0x2A, pmu, TDEV2, 36.11
1418758822.544s, 0x2B, pmu, TDEV3, 33.76
1418758822.549s, 0x2C, pmu, TDEV4, 42.31
1418758942.543s, 0x00, soc, THERMAL0, 42.48
1418758942.543s, 0x01, soc, THERMAL1, 43.32
1418758942.543s, 0x02, soc, CCC_THERMAL0, 42.90
1418758942.543s, 0x03, soc, CCC_THERMAL1, 44.17
1418758942.543s, 0x04, soc, CCC_THERMAL2, 42.90
1418758942.545s, 0x28, pmu, TJINT, 42.45
1418758942.550s, 0x29, pmu, TDEV1, 32.19
1418758942.555s, 0x2A, pmu, TDEV2, 36.43
1418758942.560s, 0x2B, pmu, TDEV3, 33.95
1418758942.564s, 0x2C, pmu, TDEV4, 42.59
1418759062.559s, 0x00, soc, THERMAL0, 42.90
1418759062.559s, 0x01, soc, THERMAL1, 43.75
1418759062.559s, 0x02, soc, CCC_THERMAL0, 43.32
1418759062.559s, 0x03, soc, CCC_THERMAL1, 44.17
1418759062.559s, 0x04, soc, CCC_THERMAL2, 43.75
1418759062.561s, 0x28, pmu, TJINT, 42.98
1418759062.566s, 0x29, pmu, TDEV1, 32.42
1418759062.571s, 0x2A, pmu, TDEV2, 36.64
1418759062.575s, 0x2B, pmu, TDEV3, 34.10
1418759062.580s, 0x2C, pmu, TDEV4, 42.72
1418759182.574s, 0x00, soc, THERMAL0, 42.90
1418759182.574s, 0x01, soc, THERMAL1, 43.75
1418759182.575s, 0x02, soc, CCC_THERMAL0, 43.75
1418759182.575s, 0x03, soc, CCC_THERMAL1, 44.59
1418759182.575s, 0x04, soc, CCC_THERMAL2, 43.75
1418759182.577s, 0x28, pmu, TJINT, 43.78
1418759182.582s, 0x29, pmu, TDEV1, 32.55
1418759182.587s, 0x2A, pmu, TDEV2, 36.70
1418759182.591s, 0x2B, pmu, TDEV3, 34.10
1418759182.596s, 0x2C, pmu, TDEV4, 42.79
1418759302.590s, 0x00, soc, THERMAL0, 43.32
1418759302.590s, 0x01, soc, THERMAL1, 43.75
1418759302.590s, 0x02, soc, CCC_THERMAL0, 43.32
1418759302.590s, 0x03, soc, CCC_THERMAL1, 44.59
1418759302.590s, 0x04, soc, CCC_THERMAL2, 43.75
1418759302.593s, 0x28, pmu, TJINT, 42.98
1418759302.598s, 0x29, pmu, TDEV1, 32.60
1418759302.602s, 0x2A, pmu, TDEV2, 36.75
1418759302.607s, 0x2B, pmu, TDEV3, 34.15
1418759302.612s, 0x2C, pmu, TDEV4, 42.86
1418759422.606s, 0x00, soc, THERMAL0, 42.90
1418759422.606s, 0x01, soc, THERMAL1, 43.75
1418759422.606s, 0x02, soc, CCC_THERMAL0, 43.75
1418759422.606s, 0x03, soc, CCC_THERMAL1, 45.01
1418759422.606s, 0x04, soc, CCC_THERMAL2, 43.75
1418759422.609s, 0x28, pmu, TJINT, 42.72
1418759422.613s, 0x29, pmu, TDEV1, 32.64
1418759422.618s, 0x2A, pmu, TDEV2, 36.92
1418759422.623s, 0x2B, pmu, TDEV3, 34.19
1418759422.628s, 0x2C, pmu, TDEV4, 42.86
1418759542.622s, 0x00, soc, THERMAL0, 43.75
1418759542.622s, 0x01, soc, THERMAL1, 43.75
1418759542.622s, 0x02, soc, CCC_THERMAL0, 43.32
1418759542.622s, 0x03, soc, CCC_THERMAL1, 44.59
1418759542.622s, 0x04, soc, CCC_THERMAL2, 44.59
1418759542.625s, 0x28, pmu, TJINT, 43.51
1418759542.629s, 0x29, pmu, TDEV1, 32.69
1418759542.634s, 0x2A, pmu, TDEV2, 36.86
1418759542.639s, 0x2B, pmu, TDEV3, 34.34
1418759542.643s, 0x2C, pmu, TDEV4, 43.14
1418759662.638s, 0x00, soc, THERMAL0, 42.90
1418759662.638s, 0x01, soc, THERMAL1, 43.75
1418759662.638s, 0x02, soc, CCC_THERMAL0, 43.75
1418759662.638s, 0x03, soc, CCC_THERMAL1, 45.01
1418759662.638s, 0x04, soc, CCC_THERMAL2, 44.17
1418759662.640s, 0x28, pmu, TJINT, 43.51
1418759662.645s, 0x29, pmu, TDEV1, 32.78
1418759662.650s, 0x2A, pmu, TDEV2, 36.97
1418759662.655s, 0x2B, pmu, TDEV3, 34.29
1418759662.659s, 0x2C, pmu, TDEV4, 43.00
1418759782.654s, 0x00, soc, THERMAL0, 43.75
1418759782.654s, 0x01, soc, THERMAL1, 44.17
1418759782.654s, 0x02, soc, CCC_THERMAL0, 43.75
1418759782.654s, 0x03, soc, CCC_THERMAL1, 44.59
1418759782.654s, 0x04, soc, CCC_THERMAL2, 44.17
1418759782.656s, 0x28, pmu, TJINT, 43.25
1418759782.661s, 0x29, pmu, TDEV1, 32.74
1418759782.666s, 0x2A, pmu, TDEV2, 36.97
1418759782.670s, 0x2B, pmu, TDEV3, 34.39
1418759782.675s, 0x2C, pmu, TDEV4, 43.00
1418759902.669s, 0x00, soc, THERMAL0, 42.90
1418759902.669s, 0x01, soc, THERMAL1, 43.75
1418759902.669s, 0x02, soc, CCC_THERMAL0, 43.75
1418759902.669s, 0x03, soc, CCC_THERMAL1, 44.59
1418759902.670s, 0x04, soc, CCC_THERMAL2, 44.17
1418759902.672s, 0x28, pmu, TJINT, 43.51
1418759902.677s, 0x29, pmu, TDEV1, 32.78
1418759902.682s, 0x2A, pmu, TDEV2, 37.02
1418759902.686s, 0x2B, pmu, TDEV3, 34.44
1418759902.691s, 0x2C, pmu, TDEV4, 43.00
1418759942.618s, 0x00, soc, THERMAL0, 43.32
1418759942.618s, 0x01, soc, THERMAL1, 44.17
1418759942.618s, 0x02, soc, CCC_THERMAL0, 43.32
1418759942.618s, 0x03, soc, CCC_THERMAL1, 44.59
1418759942.618s, 0x04, soc, CCC_THERMAL2, 43.75
1418759942.621s, 0x28, pmu, TJINT, 43.25
1418759942.625s, 0x29, pmu, TDEV1, 32.83
1418759942.630s, 0x2A, pmu, TDEV2, 36.97
1418759942.635s, 0x2B, pmu, TDEV3, 34.34
1418759942.640s, 0x2C, pmu, TDEV4, 43.14
1418760064.001s, 0x00, soc, THERMAL0, 42.90
1418760064.001s, 0x01, soc, THERMAL1, 43.75
1418760064.001s, 0x02, soc, CCC_THERMAL0, 43.32
1418760064.001s, 0x03, soc, CCC_THERMAL1, 44.59
1418760064.001s, 0x04, soc, CCC_THERMAL2, 43.75
1418760064.003s, 0x28, pmu, TJINT, 42.98
1418760064.008s, 0x29, pmu, TDEV1, 32.33
1418760064.013s, 0x2A, pmu, TDEV2, 36.59
1418760064.018s, 0x2B, pmu, TDEV3, 34.00
1418760064.022s, 0x2C, pmu, TDEV4, 42.79
1418760099.897s, 0x00, soc, THERMAL0, 42.48
1418760099.897s, 0x01, soc, THERMAL1, 43.32
1418760099.897s, 0x02, soc, CCC_THERMAL0, 42.90
1418760099.897s, 0x03, soc, CCC_THERMAL1, 44.59
1418760099.897s, 0x04, soc, CCC_THERMAL2, 44.17
1418760099.899s, 0x28, pmu, TJINT, 43.78
1418760099.904s, 0x29, pmu, TDEV1, 32.42
1418760099.909s, 0x2A, pmu, TDEV2, 36.64
1418760099.913s, 0x2B, pmu, TDEV3, 34.00
1418760099.918s, 0x2C, pmu, TDEV4, 42.86
1418760104.352s, 0x00, soc, THERMAL0, 42.06
1418760104.352s, 0x01, soc, THERMAL1, 42.90
1418760104.352s, 0x02, soc, CCC_THERMAL0, 42.48
1418760104.352s, 0x03, soc, CCC_THERMAL1, 43.75
1418760104.352s, 0x04, soc, CCC_THERMAL2, 43.32
1418760104.354s, 0x28, pmu, TJINT, 43.25
1418760104.359s, 0x29, pmu, TDEV1, 32.51
1418760104.364s, 0x2A, pmu, TDEV2, 36.75
1418760104.369s, 0x2B, pmu, TDEV3, 34.05
1418760104.373s, 0x2C, pmu, TDEV4, 42.79
1418760106.591s, 0x00, soc, THERMAL0, 42.06
1418760106.591s, 0x01, soc, THERMAL1, 42.90
1418760106.591s, 0x02, soc, CCC_THERMAL0, 42.48
1418760106.591s, 0x03, soc, CCC_THERMAL1, 43.75
1418760106.591s, 0x04, soc, CCC_THERMAL2, 42.90
1418760106.593s, 0x28, pmu, TJINT, 43.25
1418760106.598s, 0x29, pmu, TDEV1, 32.55
1418760106.603s, 0x2A, pmu, TDEV2, 36.75
1418760106.607s, 0x2B, pmu, TDEV3, 34.00
1418760106.612s, 0x2C, pmu, TDEV4, 42.79
1418760109.111s, 0x00, soc, THERMAL0, 42.06
1418760109.111s, 0x01, soc, THERMAL1, 43.32
1418760109.111s, 0x02, soc, CCC_THERMAL0, 42.06
1418760109.111s, 0x03, soc, CCC_THERMAL1, 43.75
1418760109.111s, 0x04, soc, CCC_THERMAL2, 42.90
1418760109.113s, 0x28, pmu, TJINT, 43.25
1418760109.118s, 0x29, pmu, TDEV1, 32.51
1418760109.123s, 0x2A, pmu, TDEV2, 36.86
1418760109.128s, 0x2B, pmu, TDEV3, 34.15
1418760109.132s, 0x2C, pmu, TDEV4, 42.79
1418760112.666s, 0x00, soc, THERMAL0, 42.48
1418760112.666s, 0x01, soc, THERMAL1, 43.32
1418760112.666s, 0x02, soc, CCC_THERMAL0, 42.90
1418760112.666s, 0x03, soc, CCC_THERMAL1, 44.17
1418760112.666s, 0x04, soc, CCC_THERMAL2, 42.90
1418760112.668s, 0x28, pmu, TJINT, 42.98
1418760112.673s, 0x29, pmu, TDEV1, 32.60
1418760112.678s, 0x2A, pmu, TDEV2, 36.92
1418760112.683s, 0x2B, pmu, TDEV3, 34.19
1418760112.687s, 0x2C, pmu, TDEV4, 42.93
1418760117.402s, 0x00, soc, THERMAL0, 42.90
1418760117.402s, 0x01, soc, THERMAL1, 42.90
1418760117.402s, 0x02, soc, CCC_THERMAL0, 42.90
1418760117.402s, 0x03, soc, CCC_THERMAL1, 44.17
1418760117.402s, 0x04, soc, CCC_THERMAL2, 43.75
1418760117.405s, 0x28, pmu, TJINT, 43.78
1418760117.409s, 0x29, pmu, TDEV1, 32.74
1418760117.414s, 0x2A, pmu, TDEV2, 37.08
1418760117.419s, 0x2B, pmu, TDEV3, 34.44
1418760117.423s, 0x2C, pmu, TDEV4, 43.14
1418760127.145s, 0x00, soc, THERMAL0, 43.75
1418760127.145s, 0x01, soc, THERMAL1, 44.17
1418760127.145s, 0x02, soc, CCC_THERMAL0, 43.75
1418760127.145s, 0x03, soc, CCC_THERMAL1, 45.43
1418760127.145s, 0x04, soc, CCC_THERMAL2, 44.59
1418760127.148s, 0x28, pmu, TJINT, 44.04
1418760127.152s, 0x29, pmu, TDEV1, 32.96
1418760127.157s, 0x2A, pmu, TDEV2, 37.41
1418760127.162s, 0x2B, pmu, TDEV3, 34.88
1418760127.167s, 0x2C, pmu, TDEV4, 43.71
1418760136.494s, 0x00, soc, THERMAL0, 44.59
1418760136.494s, 0x01, soc, THERMAL1, 45.43
1418760136.494s, 0x02, soc, CCC_THERMAL0, 44.59
1418760136.494s, 0x03, soc, CCC_THERMAL1, 45.87
1418760136.494s, 0x04, soc, CCC_THERMAL2, 45.01
1418760136.496s, 0x28, pmu, TJINT, 44.84
1418760136.501s, 0x29, pmu, TDEV1, 33.81
1418760136.506s, 0x2A, pmu, TDEV2, 38.31
1418760136.511s, 0x2B, pmu, TDEV3, 35.59
1418760136.515s, 0x2C, pmu, TDEV4, 44.58
1418760139.723s, 0x00, soc, THERMAL0, 44.59
1418760139.723s, 0x01, soc, THERMAL1, 45.43
1418760139.723s, 0x02, soc, CCC_THERMAL0, 44.59
1418760139.723s, 0x03, soc, CCC_THERMAL1, 45.87
1418760139.723s, 0x04, soc, CCC_THERMAL2, 45.87
1418760139.725s, 0x28, pmu, TJINT, 44.84
1418760139.730s, 0x29, pmu, TDEV1, 34.19
1418760139.735s, 0x2A, pmu, TDEV2, 38.84
1418760139.740s, 0x2B, pmu, TDEV3, 35.90
1418760139.744s, 0x2C, pmu, TDEV4, 44.81
1418760142.176s, 0x00, soc, THERMAL0, 45.01
1418760142.176s, 0x01, soc, THERMAL1, 45.43
1418760142.176s, 0x02, soc, CCC_THERMAL0, 44.59
1418760142.176s, 0x03, soc, CCC_THERMAL1, 45.87
1418760142.176s, 0x04, soc, CCC_THERMAL2, 45.87
1418760142.178s, 0x28, pmu, TJINT, 45.37
1418760142.183s, 0x29, pmu, TDEV1, 34.58
1418760142.188s, 0x2A, pmu, TDEV2, 39.14
1418760142.192s, 0x2B, pmu, TDEV3, 36.11
1418760142.197s, 0x2C, pmu, TDEV4, 45.11
1418760144.167s, 0x00, soc, THERMAL0, 45.01
1418760144.167s, 0x01, soc, THERMAL1, 45.87
1418760144.167s, 0x02, soc, CCC_THERMAL0, 46.23
1418760144.167s, 0x03, soc, CCC_THERMAL1, 46.23
1418760144.167s, 0x04, soc, CCC_THERMAL2, 46.23
1418760144.169s, 0x28, pmu, TJINT, 45.37
1418760144.174s, 0x29, pmu, TDEV1, 34.88
1418760144.179s, 0x2A, pmu, TDEV2, 39.37
1418760144.183s, 0x2B, pmu, TDEV3, 36.32
1418760144.188s, 0x2C, pmu, TDEV4, 45.42
1418760146.180s, 0x00, soc, THERMAL0, 45.43
1418760146.180s, 0x01, soc, THERMAL1, 46.23
1418760146.180s, 0x02, soc, CCC_THERMAL0, 45.87
1418760146.180s, 0x03, soc, CCC_THERMAL1, 46.93
1418760146.180s, 0x04, soc, CCC_THERMAL2, 45.87
1418760146.183s, 0x28, pmu, TJINT, 45.63
1418760146.188s, 0x29, pmu, TDEV1, 35.23
1418760146.192s, 0x2A, pmu, TDEV2, 39.68
1418760146.197s, 0x2B, pmu, TDEV3, 36.59
1418760146.202s, 0x2C, pmu, TDEV4, 45.72
1418760207.092s, 0x00, soc, THERMAL0, 51.15
1418760207.092s, 0x01, soc, THERMAL1, 51.85
1418760207.092s, 0x02, soc, CCC_THERMAL0, 51.50
1418760207.092s, 0x03, soc, CCC_THERMAL1, 52.56
1418760207.092s, 0x04, soc, CCC_THERMAL2, 51.85
1418760207.095s, 0x28, pmu, TJINT, 51.47
1418760207.099s, 0x29, pmu, TDEV1, 41.28
1418760207.104s, 0x2A, pmu, TDEV2, 46.16
1418760207.109s, 0x2B, pmu, TDEV3, 42.57
1418760207.113s, 0x2C, pmu, TDEV4, 52.75
1418760223.334s, 0x00, soc, THERMAL0, 52.90
1418760223.334s, 0x01, soc, THERMAL1, 53.60
1418760223.334s, 0x02, soc, CCC_THERMAL0, 53.96
1418760223.334s, 0x03, soc, CCC_THERMAL1, 54.67
1418760223.334s, 0x04, soc, CCC_THERMAL2, 53.96
1418760223.337s, 0x28, pmu, TJINT, 53.33
1418760223.342s, 0x29, pmu, TDEV1, 43.14
1418760223.346s, 0x2A, pmu, TDEV2, 48.06
1418760223.351s, 0x2B, pmu, TDEV3, 44.60
1418760223.356s, 0x2C, pmu, TDEV4, 54.98
1418760228.128s, 0x00, soc, THERMAL0, 53.96
1418760228.128s, 0x01, soc, THERMAL1, 54.31
1418760228.128s, 0x02, soc, CCC_THERMAL0, 54.31
1418760228.128s, 0x03, soc, CCC_THERMAL1, 55.37
1418760228.128s, 0x04, soc, CCC_THERMAL2, 54.67
1418760228.131s, 0x28, pmu, TJINT, 54.39
1418760228.136s, 0x29, pmu, TDEV1, 43.71
1418760228.140s, 0x2A, pmu, TDEV2, 48.50
1418760228.145s, 0x2B, pmu, TDEV3, 45.21
1418760228.150s, 0x2C, pmu, TDEV4, 55.77
1418760236.756s, 0x00, soc, THERMAL0, 55.01
1418760236.756s, 0x01, soc, THERMAL1, 55.37
1418760236.756s, 0x02, soc, CCC_THERMAL0, 55.01
1418760236.756s, 0x03, soc, CCC_THERMAL1, 56.78
1418760236.756s, 0x04, soc, CCC_THERMAL2, 56.07
1418760236.759s, 0x28, pmu, TJINT, 54.92
1418760236.764s, 0x29, pmu, TDEV1, 44.45
1418760236.768s, 0x2A, pmu, TDEV2, 49.29
1418760236.773s, 0x2B, pmu, TDEV3, 46.32
1418760236.778s, 0x2C, pmu, TDEV4, 56.94
1418760239.040s, 0x00, soc, THERMAL0, 55.37
1418760239.040s, 0x01, soc, THERMAL1, 55.37
1418760239.040s, 0x02, soc, CCC_THERMAL0, 55.71
1418760239.040s, 0x03, soc, CCC_THERMAL1, 56.42
1418760239.040s, 0x04, soc, CCC_THERMAL2, 56.07
1418760239.042s, 0x28, pmu, TJINT, 55.72
1418760239.047s, 0x29, pmu, TDEV1, 44.68
1418760239.052s, 0x2A, pmu, TDEV2, 49.48
1418760239.057s, 0x2B, pmu, TDEV3, 46.48
1418760239.061s, 0x2C, pmu, TDEV4, 57.30
1418760241.184s, 0x00, soc, THERMAL0, 55.01
1418760241.184s, 0x01, soc, THERMAL1, 55.37
1418760241.184s, 0x02, soc, CCC_THERMAL0, 56.07
1418760241.184s, 0x03, soc, CCC_THERMAL1, 57.12
1418760241.184s, 0x04, soc, CCC_THERMAL2, 56.42
1418760241.186s, 0x28, pmu, TJINT, 55.72
1418760241.191s, 0x29, pmu, TDEV1, 44.75
1418760241.196s, 0x2A, pmu, TDEV2, 49.66
1418760241.201s, 0x2B, pmu, TDEV3, 46.64
1418760241.205s, 0x2C, pmu, TDEV4, 57.42
1418760243.433s, wrote at: 2014.12.16.20.4.3
